query_id,query_text,language,query_group,seed_image_path,seed_scene_token,candidate_rank,candidate_scene_token,candidate_scene_name,candidate_scene_description,candidate_weather,candidate_timeofday,candidate_location_area,candidate_location_kind,candidate_num_samples,candidate_object_summary,candidate_image_path,candidate_image_camera,is_seed_scene,in_strict_candidate_pool,strict_candidate_scene_count,pure_clip_rank,pure_clip_score,pure_clip_status,kg_clip_rank,kg_clip_score,kg_clip_status,appears_in_both_rankings,structured_match,candidate_reason,manual_relevant,review_note
M001,白天，交叉路口处有行人、工程车及卡车通行。,中文,three_plus,D:\nuScenes\Trainval\nuScenes_Trainval06_blobs_camera\samples\CAM_BACK\n008-2018-08-28-16-43-51-0400__CAM_BACK__1535489343037558.jpg,3363f396bb43405fbdd17d65dc123d4e,1,3363f396bb43405fbdd17d65dc123d4e,scene-0555,"Cross intersection, construction, big truck",clear,day,boston-seaport,intersection,40,"barrier:43,car:28,pedestrian:20,traffic_cone:12,construction_vehicle:1,trailer:1,truck:1",D:\NUSCENES\Trainval\nuScenes_Trainval06_blobs_camera\samples\CAM_BACK\n008-2018-08-28-16-43-51-0400__CAM_BACK__1535489336037560.jpg,CAM_BACK,True,True,20,,,ok,5,0.37616443634033203,ok,False,True,seed_scene; strict_kg_pool; kg_clip_rank=5; matches_structured_conditions,,
M001,白天，交叉路口处有行人、工程车及卡车通行。,中文,three_plus,D:\nuScenes\Trainval\nuScenes_Trainval06_blobs_camera\samples\CAM_BACK\n008-2018-08-28-16-43-51-0400__CAM_BACK__1535489343037558.jpg,3363f396bb43405fbdd17d65dc123d4e,2,ed242d80ccb34b139aaf9ab89859332e,scene-0561,"Wait at intersection, turning left, cars turning together, parking lot",clear,day,boston-seaport,intersection,40,"car:35,pedestrian:12,truck:6,bus:2,trailer:2,bicycle:1,construction_vehicle:1,motorcycle:1,traffic_cone:1",D:\NUSCENES\Trainval\nuScenes_Trainval06_blobs_camera\samples\CAM_BACK\n008-2018-08-31-11-37-23-0400__CAM_BACK__1535730460887558.jpg,CAM_BACK,False,True,20,2,0.3974161744117737,ok,1,0.3974161744117737,ok,True,True,strict_kg_pool; pure_clip_rank=2; kg_clip_rank=1; appears_in_both_rankings; matches_structured_conditions,,
M001,白天，交叉路口处有行人、工程车及卡车通行。,中文,three_plus,D:\nuScenes\Trainval\nuScenes_Trainval06_blobs_camera\samples\CAM_BACK\n008-2018-08-28-16-43-51-0400__CAM_BACK__1535489343037558.jpg,3363f396bb43405fbdd17d65dc123d4e,3,0e7ede02718341558414865d5c604745,scene-0559,"Passing intersection, pedestrian, parked cars, construction zone, construction vehicles",clear,day,boston-seaport,intersection,41,"car:28,traffic_cone:20,pedestrian:11,truck:9,construction_vehicle:5,movable_object_debris:2,movable_object_pushable_pullable:2,bus:1",D:\NUSCENES\Trainval\nuScenes_Trainval06_blobs_camera\samples\CAM_BACK\n008-2018-08-31-11-37-23-0400__CAM_BACK__1535730400887558.jpg,CAM_BACK,False,True,20,6,0.3896368145942688,ok,2,0.3896368145942688,ok,True,True,strict_kg_pool; pure_clip_rank=6; kg_clip_rank=2; appears_in_both_rankings; matches_structured_conditions,,
M001,白天，交叉路口处有行人、工程车及卡车通行。,中文,three_plus,D:\nuScenes\Trainval\nuScenes_Trainval06_blobs_camera\samples\CAM_BACK\n008-2018-08-28-16-43-51-0400__CAM_BACK__1535489343037558.jpg,3363f396bb43405fbdd17d65dc123d4e,4,cddd0d5be10b4313a859524952455f43,scene-0589,"Rain, turn right, cars waiting at intersection",rainy,day,boston-seaport,intersection,41,"car:25,traffic_cone:11,pedestrian:4,bus:1,construction_vehicle:1,truck:1",D:\NUSCENES\Trainval\nuScenes_Trainval06_blobs_camera\samples\CAM_BACK\n008-2018-09-18-13-41-50-0400__CAM_BACK__1537292771287558.jpg,CAM_BACK,False,True,20,7,0.3890729546546936,ok,3,0.3890729546546936,ok,True,True,strict_kg_pool; pure_clip_rank=7; kg_clip_rank=3; appears_in_both_rankings; matches_structured_conditions,,
M001,白天，交叉路口处有行人、工程车及卡车通行。,中文,three_plus,D:\nuScenes\Trainval\nuScenes_Trainval06_blobs_camera\samples\CAM_BACK\n008-2018-08-28-16-43-51-0400__CAM_BACK__1535489343037558.jpg,3363f396bb43405fbdd17d65dc123d4e,5,e02aee6f1fec4d13ad77044466da5fb4,scene-0641,"Rain, cross intersection, parked cars, change lane, arrive at intersection",rainy,day,boston-seaport,intersection,40,"car:32,barrier:15,pedestrian:8,truck:5,traffic_cone:4,construction_vehicle:3,bus:2,trailer:1",D:\NUSCENES\Trainval\nuScenes_Trainval06_blobs_camera\samples\CAM_BACK\n008-2018-09-18-14-43-59-0400__CAM_BACK__1537296364287567.jpg,CAM_BACK,False,True,20,9,0.3816226124763489,ok,4,0.3816226124763489,ok,True,True,strict_kg_pool; pure_clip_rank=9; kg_clip_rank=4; appears_in_both_rankings; matches_structured_conditions,,
M001,白天，交叉路口处有行人、工程车及卡车通行。,中文,three_plus,D:\nuScenes\Trainval\nuScenes_Trainval06_blobs_camera\samples\CAM_BACK\n008-2018-08-28-16-43-51-0400__CAM_BACK__1535489343037558.jpg,3363f396bb43405fbdd17d65dc123d4e,6,0287702725184161af95373198546a59,scene-0587,"Rain, wait at intersection, truck",rainy,day,boston-seaport,intersection,41,"car:21,barrier:17,truck:10,traffic_cone:9,pedestrian:2,trailer:2,construction_vehicle:1",D:\NUSCENES\Trainval\nuScenes_Trainval06_blobs_camera\samples\CAM_BACK\n008-2018-09-18-13-41-50-0400__CAM_BACK__1537292711287558.jpg,CAM_BACK,False,True,20,,,ok,6,0.3747870624065399,ok,False,True,strict_kg_pool; kg_clip_rank=6; matches_structured_conditions,,
M001,白天，交叉路口处有行人、工程车及卡车通行。,中文,three_plus,D:\nuScenes\Trainval\nuScenes_Trainval06_blobs_camera\samples\CAM_BACK\n008-2018-08-28-16-43-51-0400__CAM_BACK__1535489343037558.jpg,3363f396bb43405fbdd17d65dc123d4e,7,66461d94f2e44d39a90843ff2dce11e8,scene-0594,"Rain, turn right, arrive at intersection, big trucks",rainy,day,boston-seaport,intersection,40,"car:39,traffic_cone:37,barrier:27,pedestrian:9,truck:9,trailer:3,construction_vehicle:1,movable_object_pushable_pullable:1",D:\NUSCENES\Trainval\nuScenes_Trainval06_blobs_camera\samples\CAM_BACK\n008-2018-09-18-13-41-50-0400__CAM_BACK__1537292943387558.jpg,CAM_BACK,False,True,20,,,ok,7,0.3734898269176483,ok,False,True,strict_kg_pool; kg_clip_rank=7; matches_structured_conditions,,
M001,白天，交叉路口处有行人、工程车及卡车通行。,中文,three_plus,D:\nuScenes\Trainval\nuScenes_Trainval06_blobs_camera\samples\CAM_BACK\n008-2018-08-28-16-43-51-0400__CAM_BACK__1535489343037558.jpg,3363f396bb43405fbdd17d65dc123d4e,8,0b8948ee96ac46faad405bf1ffc70bb1,scene-0570,"Rain, wait at intersection, turn right, bus, truck, many parked trucks",rainy,day,boston-seaport,intersection,40,"truck:39,car:30,trailer:6,pedestrian:2,traffic_cone:2,construction_vehicle:1",D:\NUSCENES\Trainval\nuScenes_Trainval06_blobs_camera\samples\CAM_BACK\n008-2018-09-18-13-10-39-0400__CAM_BACK__1537290776387558.jpg,CAM_BACK,False,True,20,,,ok,8,0.37299495935440063,ok,False,True,strict_kg_pool; kg_clip_rank=8; matches_structured_conditions,,
M001,白天，交叉路口处有行人、工程车及卡车通行。,中文,three_plus,D:\nuScenes\Trainval\nuScenes_Trainval06_blobs_camera\samples\CAM_BACK\n008-2018-08-28-16-43-51-0400__CAM_BACK__1535489343037558.jpg,3363f396bb43405fbdd17d65dc123d4e,9,d8a5dd6087de4e808c61c27f91e8216e,scene-0590,"Rain, cluster of traffic cones, wait at intersection, bendy bus",rainy,day,boston-seaport,intersection,40,"traffic_cone:23,car:12,bus:3,construction_vehicle:2,truck:2,pedestrian:1,trailer:1,vehicle_emergency_police:1",D:\NUSCENES\Trainval\nuScenes_Trainval06_blobs_camera\samples\CAM_BACK\n008-2018-09-18-13-41-50-0400__CAM_BACK__1537292791387558.jpg,CAM_BACK,False,True,20,,,ok,9,0.37231695652008057,ok,False,True,strict_kg_pool; kg_clip_rank=9; matches_structured_conditions,,
M001,白天，交叉路口处有行人、工程车及卡车通行。,中文,three_plus,D:\nuScenes\Trainval\nuScenes_Trainval06_blobs_camera\samples\CAM_BACK\n008-2018-08-28-16-43-51-0400__CAM_BACK__1535489343037558.jpg,3363f396bb43405fbdd17d65dc123d4e,10,28db6ee9a8d34e9e88e741817b6733c1,scene-0591,"Rain, cross intersection, wait at intersection, statues",rainy,day,boston-seaport,intersection,41,"car:22,traffic_cone:14,truck:6,animal:3,bus:3,pedestrian:2,trailer:2,construction_vehicle:1,motorcycle:1,static_object_bicycle_rack:1",D:\NUSCENES\Trainval\nuScenes_Trainval06_blobs_camera\samples\CAM_BACK\n008-2018-09-18-13-41-50-0400__CAM_BACK__1537292811287558.jpg,CAM_BACK,False,True,20,,,ok,10,0.3698612153530121,ok,False,True,strict_kg_pool; kg_clip_rank=10; matches_structured_conditions,,
M001,白天，交叉路口处有行人、工程车及卡车通行。,中文,three_plus,D:\nuScenes\Trainval\nuScenes_Trainval06_blobs_camera\samples\CAM_BACK\n008-2018-08-28-16-43-51-0400__CAM_BACK__1535489343037558.jpg,3363f396bb43405fbdd17d65dc123d4e,11,6f83169d067343658251f72e1dd17dbc,scene-0553,"Wait at intersection, bicycle, large truck, peds crossing crosswalk, ped with stroller",clear,day,boston-seaport,intersection,41,"car:22,barrier:16,pedestrian:12,bus:2,truck:2,bicycle:1,movable_object_pushable_pullable:1,trailer:1",D:\NUSCENES\Trainval\nuScenes_Trainval06_blobs_camera\samples\CAM_BACK\n008-2018-08-28-16-43-51-0400__CAM_BACK__1535489296037558.jpg,CAM_BACK,False,False,20,1,0.40006503462791443,ok,,,ok,False,False,pure_clip_rank=1,,
M001,白天，交叉路口处有行人、工程车及卡车通行。,中文,three_plus,D:\nuScenes\Trainval\nuScenes_Trainval06_blobs_camera\samples\CAM_BACK\n008-2018-08-28-16-43-51-0400__CAM_BACK__1535489343037558.jpg,3363f396bb43405fbdd17d65dc123d4e,12,54f56f80350b4c07af598ee87cf3886a,scene-0565,"Turning right, pedestrian with suitcase, pedestrian, construction zone, parked car",clear,day,boston-seaport,urban,40,"car:22,traffic_cone:22,pedestrian:20,barrier:16,truck:9,trailer:5,movable_object_pushable_pullable:3,bus:1,construction_vehicle:1",D:\NUSCENES\Trainval\nuScenes_Trainval06_blobs_camera\samples\CAM_BACK\n008-2018-08-31-11-37-23-0400__CAM_BACK__1535730654887558.jpg,CAM_BACK,False,False,20,3,0.3964759111404419,ok,,,ok,False,False,pure_clip_rank=3,,
M001,白天，交叉路口处有行人、工程车及卡车通行。,中文,three_plus,D:\nuScenes\Trainval\nuScenes_Trainval06_blobs_camera\samples\CAM_BACK\n008-2018-08-28-16-43-51-0400__CAM_BACK__1535489343037558.jpg,3363f396bb43405fbdd17d65dc123d4e,13,a59b6db922ff490da5ccfc9980700935,scene-0593,"Rain, wait at intersection, peds crossing",rainy,day,boston-seaport,intersection,40,"car:23,pedestrian:5,truck:5,barrier:1,movable_object_pushable_pullable:1,traffic_cone:1,trailer:1",D:\NUSCENES\Trainval\nuScenes_Trainval06_blobs_camera\samples\CAM_BACK\n008-2018-09-18-13-41-50-0400__CAM_BACK__1537292923387558.jpg,CAM_BACK,False,False,20,4,0.3950514793395996,ok,,,ok,False,False,pure_clip_rank=4,,
M001,白天，交叉路口处有行人、工程车及卡车通行。,中文,three_plus,D:\nuScenes\Trainval\nuScenes_Trainval06_blobs_camera\samples\CAM_BACK\n008-2018-08-28-16-43-51-0400__CAM_BACK__1535489343037558.jpg,3363f396bb43405fbdd17d65dc123d4e,14,f2541977a00a448db9b46a32187d9059,scene-0554,"Wait at intersection, ped crossing, ped with stroller, cyclist, barriers",clear,day,boston-seaport,intersection,41,"barrier:23,car:13,pedestrian:13,traffic_cone:2,bicycle:1,movable_object_pushable_pullable:1,trailer:1,truck:1",D:\NUSCENES\Trainval\nuScenes_Trainval06_blobs_camera\samples\CAM_BACK\n008-2018-08-28-16-43-51-0400__CAM_BACK__1535489316037558.jpg,CAM_BACK,False,False,20,5,0.39337727427482605,ok,,,ok,False,False,pure_clip_rank=5,,
M001,白天，交叉路口处有行人、工程车及卡车通行。,中文,three_plus,D:\nuScenes\Trainval\nuScenes_Trainval06_blobs_camera\samples\CAM_BACK\n008-2018-08-28-16-43-51-0400__CAM_BACK__1535489343037558.jpg,3363f396bb43405fbdd17d65dc123d4e,15,b829278aae2747959f2a95423455bbcb,scene-0597,"Rain, parked cars, peds and children, parked truck",rainy,day,boston-seaport,urban,40,"car:75,pedestrian:11,truck:7,traffic_cone:5,bicycle:3,bus:3,movable_object_pushable_pullable:2,motorcycle:1,trailer:1",D:\NUSCENES\Trainval\nuScenes_Trainval06_blobs_camera\samples\CAM_BACK\n008-2018-09-18-13-41-50-0400__CAM_BACK__1537293216287558.jpg,CAM_BACK,False,False,20,8,0.3865222930908203,ok,,,ok,False,False,pure_clip_rank=8,,
M002,白天，路口有行人、摩托车及卡车通行。,中文,three_plus,D:\nuScenes\Trainval\nuScenes_Trainval06_blobs_camera\samples\CAM_BACK\n008-2018-08-27-11-48-51-0400__CAM_BACK__1535385036137558.jpg,08110c8640454affb5167801442a85fd,1,08110c8640454affb5167801442a85fd,scene-0653,"Parked cars, jaywalkers, parked truck",clear,day,boston-seaport,urban,41,"car:52,truck:17,traffic_cone:15,trailer:11,pedestrian:5,barrier:3,motorcycle:3,bicycle:2,bus:1",D:\NUSCENES\Trainval\nuScenes_Trainval06_blobs_camera\samples\CAM_BACK\n008-2018-08-27-11-48-51-0400__CAM_BACK__1535385032137558.jpg,CAM_BACK,True,False,9,,,ok,,,ok,False,False,seed_scene,,
M002,白天，路口有行人、摩托车及卡车通行。,中文,three_plus,D:\nuScenes\Trainval\nuScenes_Trainval06_blobs_camera\samples\CAM_BACK\n008-2018-08-27-11-48-51-0400__CAM_BACK__1535385036137558.jpg,08110c8640454affb5167801442a85fd,2,9c5dc664216e43a99d5da3f23d373e4d,scene-0592,"Rain, wait at intersection, turn left, huge truck, scooter",rainy,day,boston-seaport,intersection,41,"car:35,barrier:19,traffic_cone:15,pedestrian:8,truck:6,bicycle:2,bus:2,trailer:2,motorcycle:1",D:\NUSCENES\Trainval\nuScenes_Trainval06_blobs_camera\samples\CAM_BACK\n008-2018-09-18-13-41-50-0400__CAM_BACK__1537292871287558.jpg,CAM_BACK,False,True,9,6,0.36521071195602417,ok,1,0.36521071195602417,ok,True,True,strict_kg_pool; pure_clip_rank=6; kg_clip_rank=1; appears_in_both_rankings; matches_structured_conditions,,
M002,白天，路口有行人、摩托车及卡车通行。,中文,three_plus,D:\nuScenes\Trainval\nuScenes_Trainval06_blobs_camera\samples\CAM_BACK\n008-2018-08-27-11-48-51-0400__CAM_BACK__1535385036137558.jpg,08110c8640454affb5167801442a85fd,3,c4ab236557c8423caa8add5fb48a0898,scene-0596,"Rain, wait at intersection, start at intersection, peds, large truck, dog, turn left",rainy,day,boston-seaport,intersection,41,"car:46,pedestrian:6,traffic_cone:4,truck:4,barrier:2,trailer:2,animal:1,bus:1,motorcycle:1,vehicle_emergency_police:1",D:\NUSCENES\Trainval\nuScenes_Trainval06_blobs_camera\samples\CAM_BACK\n008-2018-09-18-13-41-50-0400__CAM_BACK__1537293196287558.jpg,CAM_BACK,False,True,9,,,ok,2,0.3613589107990265,ok,False,True,strict_kg_pool; kg_clip_rank=2; matches_structured_conditions,,
M002,白天，路口有行人、摩托车及卡车通行。,中文,three_plus,D:\nuScenes\Trainval\nuScenes_Trainval06_blobs_camera\samples\CAM_BACK\n008-2018-08-27-11-48-51-0400__CAM_BACK__1535385036137558.jpg,08110c8640454affb5167801442a85fd,4,ed242d80ccb34b139aaf9ab89859332e,scene-0561,"Wait at intersection, turning left, cars turning together, parking lot",clear,day,boston-seaport,intersection,40,"car:35,pedestrian:12,truck:6,bus:2,trailer:2,bicycle:1,construction_vehicle:1,motorcycle:1,traffic_cone:1",D:\NUSCENES\Trainval\nuScenes_Trainval06_blobs_camera\samples\CAM_BACK\n008-2018-08-31-11-37-23-0400__CAM_BACK__1535730460887558.jpg,CAM_BACK,False,True,9,,,ok,3,0.3613104224205017,ok,False,True,strict_kg_pool; kg_clip_rank=3; matches_structured_conditions,,
M002,白天，路口有行人、摩托车及卡车通行。,中文,three_plus,D:\nuScenes\Trainval\nuScenes_Trainval06_blobs_camera\samples\CAM_BACK\n008-2018-08-27-11-48-51-0400__CAM_BACK__1535385036137558.jpg,08110c8640454affb5167801442a85fd,5,2f0e54af35964a3fb347359836bec035,scene-0539,"Jaywalkers, bicycle racks, bus, parked scooters, parked bicycles, many peds, cross intersection",clear,day,boston-seaport,intersection,41,"pedestrian:49,car:26,truck:10,movable_object_pushable_pullable:6,static_object_bicycle_rack:2,bus:1,motorcycle:1",D:\NUSCENES\Trainval\nuScenes_Trainval06_blobs_camera\samples\CAM_BACK\n008-2018-08-30-15-52-26-0400__CAM_BACK__1535659327037558.jpg,CAM_BACK,False,True,9,,,ok,4,0.3536067008972168,ok,False,True,strict_kg_pool; kg_clip_rank=4; matches_structured_conditions,,
M002,白天，路口有行人、摩托车及卡车通行。,中文,three_plus,D:\nuScenes\Trainval\nuScenes_Trainval06_blobs_camera\samples\CAM_BACK\n008-2018-08-27-11-48-51-0400__CAM_BACK__1535385036137558.jpg,08110c8640454affb5167801442a85fd,6,28db6ee9a8d34e9e88e741817b6733c1,scene-0591,"Rain, cross intersection, wait at intersection, statues",rainy,day,boston-seaport,intersection,41,"car:22,traffic_cone:14,truck:6,animal:3,bus:3,pedestrian:2,trailer:2,construction_vehicle:1,motorcycle:1,static_object_bicycle_rack:1",D:\NUSCENES\Trainval\nuScenes_Trainval06_blobs_camera\samples\CAM_BACK\n008-2018-09-18-13-41-50-0400__CAM_BACK__1537292811287558.jpg,CAM_BACK,False,True,9,,,ok,5,0.353575199842453,ok,False,True,strict_kg_pool; kg_clip_rank=5; matches_structured_conditions,,
M002,白天，路口有行人、摩托车及卡车通行。,中文,three_plus,D:\nuScenes\Trainval\nuScenes_Trainval06_blobs_camera\samples\CAM_BACK\n008-2018-08-27-11-48-51-0400__CAM_BACK__1535385036137558.jpg,08110c8640454affb5167801442a85fd,7,b7bb8ec5bf22476f8ba8ca0b2e57e8f6,scene-0649,"Rain, parked scooter, parked bicycle, wait at intersection",rainy,day,boston-seaport,intersection,41,"car:4,pedestrian:3,bicycle:2,bus:1,motorcycle:1,static_object_bicycle_rack:1,traffic_cone:1,truck:1",D:\NUSCENES\Trainval\nuScenes_Trainval06_blobs_camera\samples\CAM_BACK\n008-2018-09-18-14-43-59-0400__CAM_BACK__1537296524287558.jpg,CAM_BACK,False,True,9,,,ok,6,0.3423193693161011,ok,False,True,strict_kg_pool; kg_clip_rank=6; matches_structured_conditions,,
M002,白天，路口有行人、摩托车及卡车通行。,中文,three_plus,D:\nuScenes\Trainval\nuScenes_Trainval06_blobs_camera\samples\CAM_BACK\n008-2018-08-27-11-48-51-0400__CAM_BACK__1535385036137558.jpg,08110c8640454affb5167801442a85fd,8,d7823d64ca1a47c5842beb6d7197042d,scene-0651,"Rain, start at intersection, parked cars, wait to turn, trash can, turn left",rainy,day,boston-seaport,intersection,41,"car:50,truck:5,movable_object_pushable_pullable:2,traffic_cone:2,motorcycle:1,pedestrian:1",D:\NUSCENES\Trainval\nuScenes_Trainval06_blobs_camera\samples\CAM_BACK\n008-2018-09-18-14-43-59-0400__CAM_BACK__1537296641287558.jpg,CAM_BACK,False,True,9,,,ok,7,0.3352218568325043,ok,False,True,strict_kg_pool; kg_clip_rank=7; matches_structured_conditions,,
M002,白天，路口有行人、摩托车及卡车通行。,中文,three_plus,D:\nuScenes\Trainval\nuScenes_Trainval06_blobs_camera\samples\CAM_BACK\n008-2018-08-27-11-48-51-0400__CAM_BACK__1535385036137558.jpg,08110c8640454affb5167801442a85fd,9,6f83169d067343658251f72e1dd17dbc,scene-0553,"Wait at intersection, bicycle, large truck, peds crossing crosswalk, ped with stroller",clear,day,boston-seaport,intersection,41,"car:22,barrier:16,pedestrian:12,bus:2,truck:2,bicycle:1,movable_object_pushable_pullable:1,trailer:1",D:\NUSCENES\Trainval\nuScenes_Trainval06_blobs_camera\samples\CAM_BACK\n008-2018-08-28-16-43-51-0400__CAM_BACK__1535489296037558.jpg,CAM_BACK,False,False,9,1,0.3770521581172943,ok,,,ok,False,False,pure_clip_rank=1,,
M002,白天，路口有行人、摩托车及卡车通行。,中文,three_plus,D:\nuScenes\Trainval\nuScenes_Trainval06_blobs_camera\samples\CAM_BACK\n008-2018-08-27-11-48-51-0400__CAM_BACK__1535385036137558.jpg,08110c8640454affb5167801442a85fd,10,f2541977a00a448db9b46a32187d9059,scene-0554,"Wait at intersection, ped crossing, ped with stroller, cyclist, barriers",clear,day,boston-seaport,intersection,41,"barrier:23,car:13,pedestrian:13,traffic_cone:2,bicycle:1,movable_object_pushable_pullable:1,trailer:1,truck:1",D:\NUSCENES\Trainval\nuScenes_Trainval06_blobs_camera\samples\CAM_BACK\n008-2018-08-28-16-43-51-0400__CAM_BACK__1535489316037558.jpg,CAM_BACK,False,False,9,2,0.37094846367836,ok,,,ok,False,False,pure_clip_rank=2,,
M002,白天，路口有行人、摩托车及卡车通行。,中文,three_plus,D:\nuScenes\Trainval\nuScenes_Trainval06_blobs_camera\samples\CAM_BACK\n008-2018-08-27-11-48-51-0400__CAM_BACK__1535385036137558.jpg,08110c8640454affb5167801442a85fd,11,0e7ede02718341558414865d5c604745,scene-0559,"Passing intersection, pedestrian, parked cars, construction zone, construction vehicles",clear,day,boston-seaport,intersection,41,"car:28,traffic_cone:20,pedestrian:11,truck:9,construction_vehicle:5,movable_object_debris:2,movable_object_pushable_pullable:2,bus:1",D:\NUSCENES\Trainval\nuScenes_Trainval06_blobs_camera\samples\CAM_BACK\n008-2018-08-31-11-37-23-0400__CAM_BACK__1535730400887558.jpg,CAM_BACK,False,False,9,3,0.3680676519870758,ok,,,ok,False,False,pure_clip_rank=3,,
M002,白天，路口有行人、摩托车及卡车通行。,中文,three_plus,D:\nuScenes\Trainval\nuScenes_Trainval06_blobs_camera\samples\CAM_BACK\n008-2018-08-27-11-48-51-0400__CAM_BACK__1535385036137558.jpg,08110c8640454affb5167801442a85fd,12,3363f396bb43405fbdd17d65dc123d4e,scene-0555,"Cross intersection, construction, big truck",clear,day,boston-seaport,intersection,40,"barrier:43,car:28,pedestrian:20,traffic_cone:12,construction_vehicle:1,trailer:1,truck:1",D:\NUSCENES\Trainval\nuScenes_Trainval06_blobs_camera\samples\CAM_BACK\n008-2018-08-28-16-43-51-0400__CAM_BACK__1535489336037560.jpg,CAM_BACK,False,False,9,4,0.3662254214286804,ok,,,ok,False,False,pure_clip_rank=4,,
M002,白天，路口有行人、摩托车及卡车通行。,中文,three_plus,D:\nuScenes\Trainval\nuScenes_Trainval06_blobs_camera\samples\CAM_BACK\n008-2018-08-27-11-48-51-0400__CAM_BACK__1535385036137558.jpg,08110c8640454affb5167801442a85fd,13,54f56f80350b4c07af598ee87cf3886a,scene-0565,"Turning right, pedestrian with suitcase, pedestrian, construction zone, parked car",clear,day,boston-seaport,urban,40,"car:22,traffic_cone:22,pedestrian:20,barrier:16,truck:9,trailer:5,movable_object_pushable_pullable:3,bus:1,construction_vehicle:1",D:\NUSCENES\Trainval\nuScenes_Trainval06_blobs_camera\samples\CAM_BACK\n008-2018-08-31-11-37-23-0400__CAM_BACK__1535730654887558.jpg,CAM_BACK,False,False,9,5,0.3659837543964386,ok,,,ok,False,False,pure_clip_rank=5,,
M002,白天，路口有行人、摩托车及卡车通行。,中文,three_plus,D:\nuScenes\Trainval\nuScenes_Trainval06_blobs_camera\samples\CAM_BACK\n008-2018-08-27-11-48-51-0400__CAM_BACK__1535385036137558.jpg,08110c8640454affb5167801442a85fd,14,e02aee6f1fec4d13ad77044466da5fb4,scene-0641,"Rain, cross intersection, parked cars, change lane, arrive at intersection",rainy,day,boston-seaport,intersection,40,"car:32,barrier:15,pedestrian:8,truck:5,traffic_cone:4,construction_vehicle:3,bus:2,trailer:1",D:\NUSCENES\Trainval\nuScenes_Trainval06_blobs_camera\samples\CAM_BACK\n008-2018-09-18-14-43-59-0400__CAM_BACK__1537296364287567.jpg,CAM_BACK,False,False,9,7,0.36300206184387207,ok,,,ok,False,False,pure_clip_rank=7,,
M002,白天，路口有行人、摩托车及卡车通行。,中文,three_plus,D:\nuScenes\Trainval\nuScenes_Trainval06_blobs_camera\samples\CAM_BACK\n008-2018-08-27-11-48-51-0400__CAM_BACK__1535385036137558.jpg,08110c8640454affb5167801442a85fd,15,cddd0d5be10b4313a859524952455f43,scene-0589,"Rain, turn right, cars waiting at intersection",rainy,day,boston-seaport,intersection,41,"car:25,traffic_cone:11,pedestrian:4,bus:1,construction_vehicle:1,truck:1",D:\NUSCENES\Trainval\nuScenes_Trainval06_blobs_camera\samples\CAM_BACK\n008-2018-09-18-13-41-50-0400__CAM_BACK__1537292771287558.jpg,CAM_BACK,False,False,9,8,0.3629959225654602,ok,,,ok,False,False,pure_clip_rank=8,,
M003,雨天白昼，工程车作业，路锥林立，行人穿行其间。,中文,three_plus,D:\nuScenes\Trainval\nuScenes_Trainval06_blobs_camera\samples\CAM_BACK\n008-2018-09-18-13-41-50-0400__CAM_BACK__1537292701137558.jpg,64eef73c4f564a3db415e965f6460012,1,64eef73c4f564a3db415e965f6460012,scene-0586,"Rain, construction, parked car, close to intersection",rainy,day,boston-seaport,intersection,41,"barrier:100,traffic_cone:33,car:23,truck:15,construction_vehicle:8,pedestrian:8,trailer:2,bicycle:1",D:\NUSCENES\Trainval\nuScenes_Trainval06_blobs_camera\samples\CAM_BACK\n008-2018-09-18-13-41-50-0400__CAM_BACK__1537292691287558.jpg,CAM_BACK,True,True,23,2,0.3718613386154175,ok,1,0.3718613386154175,ok,True,True,seed_scene; strict_kg_pool; pure_clip_rank=2; kg_clip_rank=1; appears_in_both_rankings; matches_structured_conditions,,
M003,雨天白昼，工程车作业，路锥林立，行人穿行其间。,中文,three_plus,D:\nuScenes\Trainval\nuScenes_Trainval06_blobs_camera\samples\CAM_BACK\n008-2018-09-18-13-41-50-0400__CAM_BACK__1537292701137558.jpg,64eef73c4f564a3db415e965f6460012,2,38b3010304734913bb148d17ebbc352b,scene-0645,"Rain, parked cars, wait at intersection, ped crossing crosswalk, turn right, truck",rainy,day,boston-seaport,intersection,41,"car:29,truck:18,traffic_cone:5,trailer:4,construction_vehicle:3,pedestrian:2",D:\NUSCENES\Trainval\nuScenes_Trainval06_blobs_camera\samples\CAM_BACK\n008-2018-09-18-14-43-59-0400__CAM_BACK__1537296444287558.jpg,CAM_BACK,False,True,23,3,0.37136003375053406,ok,2,0.37136003375053406,ok,True,True,strict_kg_pool; pure_clip_rank=3; kg_clip_rank=2; appears_in_both_rankings; matches_structured_conditions,,
M003,雨天白昼，工程车作业，路锥林立，行人穿行其间。,中文,three_plus,D:\nuScenes\Trainval\nuScenes_Trainval06_blobs_camera\samples\CAM_BACK\n008-2018-09-18-13-41-50-0400__CAM_BACK__1537292701137558.jpg,64eef73c4f564a3db415e965f6460012,3,e02aee6f1fec4d13ad77044466da5fb4,scene-0641,"Rain, cross intersection, parked cars, change lane, arrive at intersection",rainy,day,boston-seaport,intersection,40,"car:32,barrier:15,pedestrian:8,truck:5,traffic_cone:4,construction_vehicle:3,bus:2,trailer:1",D:\NUSCENES\Trainval\nuScenes_Trainval06_blobs_camera\samples\CAM_BACK\n008-2018-09-18-14-43-59-0400__CAM_BACK__1537296364287567.jpg,CAM_BACK,False,True,23,8,0.36202338337898254,ok,3,0.36202338337898254,ok,True,True,strict_kg_pool; pure_clip_rank=8; kg_clip_rank=3; appears_in_both_rankings; matches_structured_conditions,,
M003,雨天白昼，工程车作业，路锥林立，行人穿行其间。,中文,three_plus,D:\nuScenes\Trainval\nuScenes_Trainval06_blobs_camera\samples\CAM_BACK\n008-2018-09-18-13-41-50-0400__CAM_BACK__1537292701137558.jpg,64eef73c4f564a3db415e965f6460012,4,a6fae4900f8e46cba689b59b5bc8a2ab,scene-0648,"Rain, cross intersection, reflections, bicycle rack, bus",rainy,day,boston-seaport,intersection,40,"truck:22,barrier:20,car:19,bus:3,movable_object_pushable_pullable:3,pedestrian:3,trailer:3,bicycle:2,construction_vehicle:2,motorcycle:1",D:\NUSCENES\Trainval\nuScenes_Trainval06_blobs_camera\samples\CAM_BACK\n008-2018-09-18-14-43-59-0400__CAM_BACK__1537296504287558.jpg,CAM_BACK,False,True,23,,,ok,4,0.35942554473876953,ok,False,True,strict_kg_pool; kg_clip_rank=4; matches_structured_conditions,,
M003,雨天白昼，工程车作业，路锥林立，行人穿行其间。,中文,three_plus,D:\nuScenes\Trainval\nuScenes_Trainval06_blobs_camera\samples\CAM_BACK\n008-2018-09-18-13-41-50-0400__CAM_BACK__1537292701137558.jpg,64eef73c4f564a3db415e965f6460012,5,4bcb814456f044919bc052c208dbebc5,scene-0644,"Rain, parked cars, parking lot, ped, parked truck, construction vehicle, sign trailer",rainy,day,boston-seaport,parking_lot,40,"car:63,truck:12,construction_vehicle:7,traffic_cone:6,trailer:4,pedestrian:3,barrier:2",D:\NUSCENES\Trainval\nuScenes_Trainval06_blobs_camera\samples\CAM_BACK\n008-2018-09-18-14-43-59-0400__CAM_BACK__1537296424387558.jpg,CAM_BACK,False,True,23,,,ok,5,0.3593463897705078,ok,False,True,strict_kg_pool; kg_clip_rank=5; matches_structured_conditions,,
M003,雨天白昼，工程车作业，路锥林立，行人穿行其间。,中文,three_plus,D:\nuScenes\Trainval\nuScenes_Trainval06_blobs_camera\samples\CAM_BACK\n008-2018-09-18-13-41-50-0400__CAM_BACK__1537292701137558.jpg,64eef73c4f564a3db415e965f6460012,6,dbd9183e1278475ea54761297e004b04,scene-0572,"Rain, parked trailers, fence, parked cars, flipped barriers and cones",rainy,day,boston-seaport,urban,41,"car:40,traffic_cone:21,truck:9,trailer:7,construction_vehicle:2,pedestrian:2",D:\NUSCENES\Trainval\nuScenes_Trainval06_blobs_camera\samples\CAM_BACK\n008-2018-09-18-13-10-39-0400__CAM_BACK__1537290816287558.jpg,CAM_BACK,False,True,23,,,ok,6,0.35791438817977905,ok,False,True,strict_kg_pool; kg_clip_rank=6; matches_structured_conditions,,
M003,雨天白昼，工程车作业，路锥林立，行人穿行其间。,中文,three_plus,D:\nuScenes\Trainval\nuScenes_Trainval06_blobs_camera\samples\CAM_BACK\n008-2018-09-18-13-41-50-0400__CAM_BACK__1537292701137558.jpg,64eef73c4f564a3db415e965f6460012,7,47a73fb6a41a4c4b9fe2897254dd3671,scene-0573,"Rain, parked cars, ped, parked trucks, construction vehicle",rainy,day,boston-seaport,urban,41,"car:39,traffic_cone:18,truck:8,pedestrian:4,construction_vehicle:2,trailer:1",D:\NUSCENES\Trainval\nuScenes_Trainval06_blobs_camera\samples\CAM_BACK\n008-2018-09-18-13-10-39-0400__CAM_BACK__1537290836287558.jpg,CAM_BACK,False,True,23,,,ok,7,0.357016921043396,ok,False,True,strict_kg_pool; kg_clip_rank=7; matches_structured_conditions,,
M003,雨天白昼，工程车作业，路锥林立，行人穿行其间。,中文,three_plus,D:\nuScenes\Trainval\nuScenes_Trainval06_blobs_camera\samples\CAM_BACK\n008-2018-09-18-13-41-50-0400__CAM_BACK__1537292701137558.jpg,64eef73c4f564a3db415e965f6460012,8,9088db17416043e5880a53178bfa461c,scene-0633,"Rain, industrial, parked trucks at parking lot",rainy,day,boston-seaport,parking_lot,40,"car:23,traffic_cone:13,truck:13,trailer:8,barrier:3,pedestrian:2,construction_vehicle:1",D:\NUSCENES\Trainval\nuScenes_Trainval06_blobs_camera\samples\CAM_BACK\n008-2018-09-18-14-35-12-0400__CAM_BACK__1537296035887558.jpg,CAM_BACK,False,True,23,,,ok,8,0.3550783395767212,ok,False,True,strict_kg_pool; kg_clip_rank=8; matches_structured_conditions,,
M003,雨天白昼，工程车作业，路锥林立，行人穿行其间。,中文,three_plus,D:\nuScenes\Trainval\nuScenes_Trainval06_blobs_camera\samples\CAM_BACK\n008-2018-09-18-13-41-50-0400__CAM_BACK__1537292701137558.jpg,64eef73c4f564a3db415e965f6460012,9,66461d94f2e44d39a90843ff2dce11e8,scene-0594,"Rain, turn right, arrive at intersection, big trucks",rainy,day,boston-seaport,intersection,40,"car:39,traffic_cone:37,barrier:27,pedestrian:9,truck:9,trailer:3,construction_vehicle:1,movable_object_pushable_pullable:1",D:\NUSCENES\Trainval\nuScenes_Trainval06_blobs_camera\samples\CAM_BACK\n008-2018-09-18-13-41-50-0400__CAM_BACK__1537292943387558.jpg,CAM_BACK,False,True,23,,,ok,9,0.3546997904777527,ok,False,True,strict_kg_pool; kg_clip_rank=9; matches_structured_conditions,,
M003,雨天白昼，工程车作业，路锥林立，行人穿行其间。,中文,three_plus,D:\nuScenes\Trainval\nuScenes_Trainval06_blobs_camera\samples\CAM_BACK\n008-2018-09-18-13-41-50-0400__CAM_BACK__1537292701137558.jpg,64eef73c4f564a3db415e965f6460012,10,f0f120e4d4b0441da90ec53b16ee169d,scene-0578,"Rain, cross intersection",rainy,day,boston-seaport,intersection,41,"barrier:57,truck:19,car:10,trailer:4,traffic_cone:2,bus:1,construction_vehicle:1,movable_object_pushable_pullable:1,pedestrian:1",D:\NUSCENES\Trainval\nuScenes_Trainval06_blobs_camera\samples\CAM_BACK\n008-2018-09-18-13-10-39-0400__CAM_BACK__1537291001287558.jpg,CAM_BACK,False,True,23,,,ok,10,0.3544711470603943,ok,False,True,strict_kg_pool; kg_clip_rank=10; matches_structured_conditions,,
M003,雨天白昼，工程车作业，路锥林立，行人穿行其间。,中文,three_plus,D:\nuScenes\Trainval\nuScenes_Trainval06_blobs_camera\samples\CAM_BACK\n008-2018-09-18-13-41-50-0400__CAM_BACK__1537292701137558.jpg,64eef73c4f564a3db415e965f6460012,11,491322eec05043c9907c59aa35b046ea,scene-0646,"Heavy, parking lot, truck, concrete barricades",clear,day,boston-seaport,parking_lot,40,"barrier:88,car:42,truck:14,bus:4,trailer:4,construction_vehicle:1,motorcycle:1,pedestrian:1",D:\NUSCENES\Trainval\nuScenes_Trainval06_blobs_camera\samples\CAM_BACK\n008-2018-09-18-14-43-59-0400__CAM_BACK__1537296464387558.jpg,CAM_BACK,False,False,23,1,0.37826570868492126,ok,,,ok,False,False,pure_clip_rank=1,,
M003,雨天白昼，工程车作业，路锥林立，行人穿行其间。,中文,three_plus,D:\nuScenes\Trainval\nuScenes_Trainval06_blobs_camera\samples\CAM_BACK\n008-2018-09-18-13-41-50-0400__CAM_BACK__1537292701137558.jpg,64eef73c4f564a3db415e965f6460012,12,9c5dc664216e43a99d5da3f23d373e4d,scene-0592,"Rain, wait at intersection, turn left, huge truck, scooter",rainy,day,boston-seaport,intersection,41,"car:35,barrier:19,traffic_cone:15,pedestrian:8,truck:6,bicycle:2,bus:2,trailer:2,motorcycle:1",D:\NUSCENES\Trainval\nuScenes_Trainval06_blobs_camera\samples\CAM_BACK\n008-2018-09-18-13-41-50-0400__CAM_BACK__1537292871287558.jpg,CAM_BACK,False,False,23,4,0.365375816822052,ok,,,ok,False,False,pure_clip_rank=4,,
M003,雨天白昼，工程车作业，路锥林立，行人穿行其间。,中文,three_plus,D:\nuScenes\Trainval\nuScenes_Trainval06_blobs_camera\samples\CAM_BACK\n008-2018-09-18-13-41-50-0400__CAM_BACK__1537292701137558.jpg,64eef73c4f564a3db415e965f6460012,13,a59b6db922ff490da5ccfc9980700935,scene-0593,"Rain, wait at intersection, peds crossing",rainy,day,boston-seaport,intersection,40,"car:23,pedestrian:5,truck:5,barrier:1,movable_object_pushable_pullable:1,traffic_cone:1,trailer:1",D:\NUSCENES\Trainval\nuScenes_Trainval06_blobs_camera\samples\CAM_BACK\n008-2018-09-18-13-41-50-0400__CAM_BACK__1537292923387558.jpg,CAM_BACK,False,False,23,5,0.36523187160491943,ok,,,ok,False,False,pure_clip_rank=5,,
M003,雨天白昼，工程车作业，路锥林立，行人穿行其间。,中文,three_plus,D:\nuScenes\Trainval\nuScenes_Trainval06_blobs_camera\samples\CAM_BACK\n008-2018-09-18-13-41-50-0400__CAM_BACK__1537292701137558.jpg,64eef73c4f564a3db415e965f6460012,14,482edf83eb664fdf90204c1830abe648,scene-0577,"Rain, turn right, bicycle rack, cross intersection, parking lot",rainy,day,boston-seaport,intersection,41,"truck:12,car:10,movable_object_pushable_pullable:3,bus:2,static_object_bicycle_rack:2,barrier:1,pedestrian:1",D:\NUSCENES\Trainval\nuScenes_Trainval06_blobs_camera\samples\CAM_BACK\n008-2018-09-18-13-10-39-0400__CAM_BACK__1537290941287558.jpg,CAM_BACK,False,False,23,6,0.3645738959312439,ok,,,ok,False,False,pure_clip_rank=6,,
M003,雨天白昼，工程车作业，路锥林立，行人穿行其间。,中文,three_plus,D:\nuScenes\Trainval\nuScenes_Trainval06_blobs_camera\samples\CAM_BACK\n008-2018-09-18-13-41-50-0400__CAM_BACK__1537292701137558.jpg,64eef73c4f564a3db415e965f6460012,15,37cfda558193400bbe3a5ff14ae4606e,scene-0647,"Rain, parked cars, parked buses",rainy,day,boston-seaport,urban,41,"barrier:144,car:31,truck:12,bus:8,construction_vehicle:1,traffic_cone:1",D:\NUSCENES\Trainval\nuScenes_Trainval06_blobs_camera\samples\CAM_BACK\n008-2018-09-18-14-43-59-0400__CAM_BACK__1537296484287558.jpg,CAM_BACK,False,False,23,7,0.36398348212242126,ok,,,ok,False,False,pure_clip_rank=7,,
M004,晴天的夜晚，警车在路上行驶,中文,three_plus,D:\nuScenes\Trainval\nuScenes_Trainval10_blobs_camera\samples\CAM_BACK_RIGHT\n015-2018-11-21-19-38-26+0800__CAM_BACK_RIGHT__1542800914927893.jpg,9771da5dd7bb4657be34365619e39dab,1,9771da5dd7bb4657be34365619e39dab,scene-1096,"Night, wait at intersection, peds crossing crosswalk, scooter",clear,night,singapore-hollandvillage,intersection,41,"car:12,pedestrian:12,movable_object_pushable_pullable:2,truck:2,bus:1,motorcycle:1,vehicle_emergency_police:1",D:\NUSCENES\Trainval\nuScenes_Trainval10_blobs_camera\samples\CAM_BACK_RIGHT\n015-2018-11-21-19-38-26+0800__CAM_BACK_RIGHT__1542800907927893.jpg,CAM_BACK_RIGHT,True,True,2,,,ok,1,0.3591845631599426,ok,False,True,seed_scene; strict_kg_pool; kg_clip_rank=1; matches_structured_conditions,,
M004,晴天的夜晚，警车在路上行驶,中文,three_plus,D:\nuScenes\Trainval\nuScenes_Trainval10_blobs_camera\samples\CAM_BACK_RIGHT\n015-2018-11-21-19-38-26+0800__CAM_BACK_RIGHT__1542800914927893.jpg,9771da5dd7bb4657be34365619e39dab,2,270fe8382f884386b3445143fa946200,scene-1011,"Night, bus, parked cars, peds",clear,night,singapore-queenstown,urban,40,"pedestrian:8,traffic_cone:5,car:3,bus:2,vehicle_emergency_police:1",D:\NUSCENES\Trainval\nuScenes_Trainval10_blobs_camera\samples\CAM_BACK_RIGHT\n015-2018-11-14-19-09-14+0800__CAM_BACK_RIGHT__1542193792127893.jpg,CAM_BACK_RIGHT,False,True,2,,,ok,2,0.34355786442756653,ok,False,True,strict_kg_pool; kg_clip_rank=2; matches_structured_conditions,,
M004,晴天的夜晚，警车在路上行驶,中文,three_plus,D:\nuScenes\Trainval\nuScenes_Trainval10_blobs_camera\samples\CAM_BACK_RIGHT\n015-2018-11-21-19-38-26+0800__CAM_BACK_RIGHT__1542800914927893.jpg,9771da5dd7bb4657be34365619e39dab,3,865c607c8ef44f13b39744a0de110740,scene-1074,"Night, rain, high speed, bus stop, bus, peds, parked bicycle",rainy,night,singapore-hollandvillage,bus_stop,40,"car:11,pedestrian:2,truck:2,bicycle:1,bus:1",D:\NUSCENES\Trainval\nuScenes_Trainval10_blobs_camera\samples\CAM_BACK_RIGHT\n015-2018-11-21-19-38-26+0800__CAM_BACK_RIGHT__1542800307927893.jpg,CAM_BACK_RIGHT,False,False,2,1,0.40251070261001587,ok,,,ok,False,False,pure_clip_rank=1,,
M004,晴天的夜晚，警车在路上行驶,中文,three_plus,D:\nuScenes\Trainval\nuScenes_Trainval10_blobs_camera\samples\CAM_BACK_RIGHT\n015-2018-11-21-19-38-26+0800__CAM_BACK_RIGHT__1542800914927893.jpg,9771da5dd7bb4657be34365619e39dab,4,d25718445d89453381c659b9c8734939,scene-1077,"Night, big street, bus stop, high speed, construction vehicle",clear,night,singapore-hollandvillage,bus_stop,41,"car:56,barrier:13,bus:1,construction_vehicle:1,motorcycle:1",D:\NUSCENES\Trainval\nuScenes_Trainval10_blobs_camera\samples\CAM_BACK_RIGHT\n015-2018-11-21-19-38-26+0800__CAM_BACK_RIGHT__1542800367927893.jpg,CAM_BACK_RIGHT,False,False,2,2,0.4003183841705322,ok,,,ok,False,False,pure_clip_rank=2,,
M004,晴天的夜晚，警车在路上行驶,中文,three_plus,D:\nuScenes\Trainval\nuScenes_Trainval10_blobs_camera\samples\CAM_BACK_RIGHT\n015-2018-11-21-19-38-26+0800__CAM_BACK_RIGHT__1542800914927893.jpg,9771da5dd7bb4657be34365619e39dab,5,277af8c7487f4f24bd2953d4dc8d11ff,scene-1075,"Night, bus, parked cars, bus stop, peds, trash cans, high speed",clear,night,singapore-hollandvillage,bus_stop,40,"movable_object_pushable_pullable:85,car:12,bus:1,motorcycle:1,pedestrian:1",D:\NUSCENES\Trainval\nuScenes_Trainval10_blobs_camera\samples\CAM_BACK_RIGHT\n015-2018-11-21-19-38-26+0800__CAM_BACK_RIGHT__1542800327927893.jpg,CAM_BACK_RIGHT,False,False,2,3,0.39780133962631226,ok,,,ok,False,False,pure_clip_rank=3,,
M004,晴天的夜晚，警车在路上行驶,中文,three_plus,D:\nuScenes\Trainval\nuScenes_Trainval10_blobs_camera\samples\CAM_BACK_RIGHT\n015-2018-11-21-19-38-26+0800__CAM_BACK_RIGHT__1542800914927893.jpg,9771da5dd7bb4657be34365619e39dab,6,f634de95cc7043b8b38ceaac67d472cf,scene-1044,"Night, motorcycles, dense traffic, congestion, arrive at intersection",clear,night,singapore-hollandvillage,intersection,41,"car:30,movable_object_pushable_pullable:7,bus:2,motorcycle:2,truck:2,barrier:1,pedestrian:1",D:\NUSCENES\Trainval\nuScenes_Trainval10_blobs_camera\samples\CAM_BACK_RIGHT\n015-2018-11-21-19-11-29+0800__CAM_BACK_RIGHT__1542798691627893.jpg,CAM_BACK_RIGHT,False,False,2,4,0.395142525434494,ok,,,ok,False,False,pure_clip_rank=4,,
M004,晴天的夜晚，警车在路上行驶,中文,three_plus,D:\nuScenes\Trainval\nuScenes_Trainval10_blobs_camera\samples\CAM_BACK_RIGHT\n015-2018-11-21-19-38-26+0800__CAM_BACK_RIGHT__1542800914927893.jpg,9771da5dd7bb4657be34365619e39dab,7,2376fcdd28a44b83962289664cee55b7,scene-1055,"Night, bump, dark, ped in dark",clear,night,singapore-hollandvillage,urban,41,"movable_object_pushable_pullable:37,car:12,pedestrian:1",D:\NUSCENES\Trainval\nuScenes_Trainval10_blobs_camera\samples\CAM_BACK_RIGHT\n015-2018-11-21-19-11-29+0800__CAM_BACK_RIGHT__1542799031627893.jpg,CAM_BACK_RIGHT,False,False,2,5,0.39475539326667786,ok,,,ok,False,False,pure_clip_rank=5,,
M004,晴天的夜晚，警车在路上行驶,中文,three_plus,D:\nuScenes\Trainval\nuScenes_Trainval10_blobs_camera\samples\CAM_BACK_RIGHT\n015-2018-11-21-19-38-26+0800__CAM_BACK_RIGHT__1542800914927893.jpg,9771da5dd7bb4657be34365619e39dab,8,89f20737ec344aa48b543a9e005a38ca,scene-1107,"Night, rain, high speed, scooter, dense traffic at other lane",rainy,night,singapore-hollandvillage,highway,41,"car:40,bus:2,construction_vehicle:2,motorcycle:2,pedestrian:1",D:\NUSCENES\Trainval\nuScenes_Trainval10_blobs_camera\samples\CAM_BACK_RIGHT\n015-2018-11-21-19-58-31+0800__CAM_BACK_RIGHT__1542801593927893.jpg,CAM_BACK_RIGHT,False,False,2,6,0.39403456449508667,ok,,,ok,False,False,pure_clip_rank=6,,
M004,晴天的夜晚，警车在路上行驶,中文,three_plus,D:\nuScenes\Trainval\nuScenes_Trainval10_blobs_camera\samples\CAM_BACK_RIGHT\n015-2018-11-21-19-38-26+0800__CAM_BACK_RIGHT__1542800914927893.jpg,9771da5dd7bb4657be34365619e39dab,9,f97bf749746c4c3a8ad9f1c11eab6444,scene-1064,"Night, trash cans, wait for scooter, turn right, parking lot",clear,night,singapore-hollandvillage,parking_lot,40,"car:9,movable_object_pushable_pullable:9,motorcycle:1",D:\NUSCENES\Trainval\nuScenes_Trainval10_blobs_camera\samples\CAM_BACK_RIGHT\n015-2018-11-21-19-21-35+0800__CAM_BACK_RIGHT__1542799522377893.jpg,CAM_BACK_RIGHT,False,False,2,7,0.3933360278606415,ok,,,ok,False,False,pure_clip_rank=7,,
M004,晴天的夜晚，警车在路上行驶,中文,three_plus,D:\nuScenes\Trainval\nuScenes_Trainval10_blobs_camera\samples\CAM_BACK_RIGHT\n015-2018-11-21-19-38-26+0800__CAM_BACK_RIGHT__1542800914927893.jpg,9771da5dd7bb4657be34365619e39dab,10,57146b2ebf10432f84b15a3038fe1755,scene-1110,"Night, rain, bus, turn right, peds, bus stop",rainy,night,singapore-hollandvillage,bus_stop,40,"car:39,pedestrian:33,bus:2,bicycle:1",D:\NUSCENES\Trainval\nuScenes_Trainval10_blobs_camera\samples\CAM_BACK_RIGHT\n015-2018-11-21-19-58-31+0800__CAM_BACK_RIGHT__1542801713927893.jpg,CAM_BACK_RIGHT,False,False,2,8,0.3930685818195343,ok,,,ok,False,False,pure_clip_rank=8,,
M004,晴天的夜晚，警车在路上行驶,中文,three_plus,D:\nuScenes\Trainval\nuScenes_Trainval10_blobs_camera\samples\CAM_BACK_RIGHT\n015-2018-11-21-19-38-26+0800__CAM_BACK_RIGHT__1542800914927893.jpg,9771da5dd7bb4657be34365619e39dab,11,4ed628299b1e45a3a73704e8cf8287a9,scene-1053,"Night, rain, bump, peds, congestion, parked car",rainy,night,singapore-hollandvillage,urban,41,"car:23,movable_object_pushable_pullable:13,barrier:8,pedestrian:7,motorcycle:4,traffic_cone:2,animal:1,bicycle:1",D:\NUSCENES\Trainval\nuScenes_Trainval10_blobs_camera\samples\CAM_BACK_RIGHT\n015-2018-11-21-19-11-29+0800__CAM_BACK_RIGHT__1542798951627893.jpg,CAM_BACK_RIGHT,False,False,2,9,0.39276742935180664,ok,,,ok,False,False,pure_clip_rank=9,,
M004,晴天的夜晚，警车在路上行驶,中文,three_plus,D:\nuScenes\Trainval\nuScenes_Trainval10_blobs_camera\samples\CAM_BACK_RIGHT\n015-2018-11-21-19-38-26+0800__CAM_BACK_RIGHT__1542800914927893.jpg,9771da5dd7bb4657be34365619e39dab,12,a1e7cd557b9541dbb00822ea0c56204b,scene-1080,"Night, big street, dense traffic, scooters",clear,night,singapore-hollandvillage,street,40,"car:44,motorcycle:3,pedestrian:3",D:\NUSCENES\Trainval\nuScenes_Trainval10_blobs_camera\samples\CAM_BACK_RIGHT\n015-2018-11-21-19-38-26+0800__CAM_BACK_RIGHT__1542800427927893.jpg,CAM_BACK_RIGHT,False,False,2,10,0.39273756742477417,ok,,,ok,False,False,pure_clip_rank=10,,
M005,雨夜，公交车在路上行驶,中文,three_plus,D:\nuScenes\Trainval\nuScenes_Trainval10_blobs_camera\samples\CAM_BACK\n015-2018-11-21-19-58-31+0800__CAM_BACK__1542801716437525.jpg,57146b2ebf10432f84b15a3038fe1755,1,57146b2ebf10432f84b15a3038fe1755,scene-1110,"Night, rain, bus, turn right, peds, bus stop",rainy,night,singapore-hollandvillage,bus_stop,40,"car:39,pedestrian:33,bus:2,bicycle:1",D:\NUSCENES\Trainval\nuScenes_Trainval10_blobs_camera\samples\CAM_BACK\n015-2018-11-21-19-58-31+0800__CAM_BACK__1542801713937532.jpg,CAM_BACK,True,True,10,1,0.40995848178863525,ok,1,0.40995848178863525,ok,True,True,seed_scene; strict_kg_pool; pure_clip_rank=1; kg_clip_rank=1; appears_in_both_rankings; matches_structured_conditions,,
M005,雨夜，公交车在路上行驶,中文,three_plus,D:\nuScenes\Trainval\nuScenes_Trainval10_blobs_camera\samples\CAM_BACK\n015-2018-11-21-19-58-31+0800__CAM_BACK__1542801716437525.jpg,57146b2ebf10432f84b15a3038fe1755,2,7ed1b613f0ee47ceaf6d19ca3947f825,scene-1109,"Night, rain, bus, lightning",rainy,night,singapore-hollandvillage,urban,39,"car:25,pedestrian:3,bus:1",D:\NUSCENES\Trainval\nuScenes_Trainval10_blobs_camera\samples\CAM_BACK\n015-2018-11-21-19-58-31+0800__CAM_BACK__1542801694287525.jpg,CAM_BACK,False,True,10,2,0.4064936935901642,ok,2,0.4064936935901642,ok,True,True,strict_kg_pool; pure_clip_rank=2; kg_clip_rank=2; appears_in_both_rankings; matches_structured_conditions,,
M005,雨夜，公交车在路上行驶,中文,three_plus,D:\nuScenes\Trainval\nuScenes_Trainval10_blobs_camera\samples\CAM_BACK\n015-2018-11-21-19-58-31+0800__CAM_BACK__1542801716437525.jpg,57146b2ebf10432f84b15a3038fe1755,3,d3c39710e9da42f48b605824ce2a1927,scene-1108,"Night, wet front camera, rain, bus, wait at intersection, scooters",rainy,night,singapore-hollandvillage,intersection,40,"car:35,motorcycle:4,bus:2,pedestrian:2,trailer:1",D:\NUSCENES\Trainval\nuScenes_Trainval10_blobs_camera\samples\CAM_BACK\n015-2018-11-21-19-58-31+0800__CAM_BACK__1542801654287525.jpg,CAM_BACK,False,True,10,4,0.4019821286201477,ok,3,0.4019821286201477,ok,True,True,strict_kg_pool; pure_clip_rank=4; kg_clip_rank=3; appears_in_both_rankings; matches_structured_conditions,,
M005,雨夜，公交车在路上行驶,中文,three_plus,D:\nuScenes\Trainval\nuScenes_Trainval10_blobs_camera\samples\CAM_BACK\n015-2018-11-21-19-58-31+0800__CAM_BACK__1542801716437525.jpg,57146b2ebf10432f84b15a3038fe1755,4,cfa36eca40364e5bb15f550a077a21c5,scene-1101,"Night, buses, peds, rain, right turn",rainy,night,singapore-hollandvillage,urban,40,"car:14,pedestrian:11,bus:2,traffic_cone:1",D:\NUSCENES\Trainval\nuScenes_Trainval10_blobs_camera\samples\CAM_BACK\n015-2018-11-21-19-38-26+0800__CAM_BACK__1542801007937525.jpg,CAM_BACK,False,True,10,6,0.39811432361602783,ok,4,0.39811432361602783,ok,True,True,strict_kg_pool; pure_clip_rank=6; kg_clip_rank=4; appears_in_both_rankings; matches_structured_conditions,,
M005,雨夜，公交车在路上行驶,中文,three_plus,D:\nuScenes\Trainval\nuScenes_Trainval10_blobs_camera\samples\CAM_BACK\n015-2018-11-21-19-58-31+0800__CAM_BACK__1542801716437525.jpg,57146b2ebf10432f84b15a3038fe1755,5,89f20737ec344aa48b543a9e005a38ca,scene-1107,"Night, rain, high speed, scooter, dense traffic at other lane",rainy,night,singapore-hollandvillage,highway,41,"car:40,bus:2,construction_vehicle:2,motorcycle:2,pedestrian:1",D:\NUSCENES\Trainval\nuScenes_Trainval10_blobs_camera\samples\CAM_BACK\n015-2018-11-21-19-58-31+0800__CAM_BACK__1542801593937525.jpg,CAM_BACK,False,True,10,8,0.39593783020973206,ok,5,0.39593783020973206,ok,True,True,strict_kg_pool; pure_clip_rank=8; kg_clip_rank=5; appears_in_both_rankings; matches_structured_conditions,,
M005,雨夜，公交车在路上行驶,中文,three_plus,D:\nuScenes\Trainval\nuScenes_Trainval10_blobs_camera\samples\CAM_BACK\n015-2018-11-21-19-58-31+0800__CAM_BACK__1542801716437525.jpg,57146b2ebf10432f84b15a3038fe1755,6,e5514b8f435e475cac4eba74b44773b5,scene-1106,"Night, rain, high speed, scooter, bus stop, low traffic, bus",rainy,night,singapore-hollandvillage,bus_stop,40,"car:19,barrier:1,bus:1,construction_vehicle:1,motorcycle:1,movable_object_pushable_pullable:1",D:\NUSCENES\Trainval\nuScenes_Trainval10_blobs_camera\samples\CAM_BACK\n015-2018-11-21-19-58-31+0800__CAM_BACK__1542801573937525.jpg,CAM_BACK,False,True,10,,,ok,6,0.3836430311203003,ok,False,True,strict_kg_pool; kg_clip_rank=6; matches_structured_conditions,,
M005,雨夜，公交车在路上行驶,中文,three_plus,D:\nuScenes\Trainval\nuScenes_Trainval10_blobs_camera\samples\CAM_BACK\n015-2018-11-21-19-58-31+0800__CAM_BACK__1542801716437525.jpg,57146b2ebf10432f84b15a3038fe1755,7,865c607c8ef44f13b39744a0de110740,scene-1074,"Night, rain, high speed, bus stop, bus, peds, parked bicycle",rainy,night,singapore-hollandvillage,bus_stop,40,"car:11,pedestrian:2,truck:2,bicycle:1,bus:1",D:\NUSCENES\Trainval\nuScenes_Trainval10_blobs_camera\samples\CAM_BACK\n015-2018-11-21-19-38-26+0800__CAM_BACK__1542800307937525.jpg,CAM_BACK,False,True,10,,,ok,7,0.3774602711200714,ok,False,True,strict_kg_pool; kg_clip_rank=7; matches_structured_conditions,,
M005,雨夜，公交车在路上行驶,中文,three_plus,D:\nuScenes\Trainval\nuScenes_Trainval10_blobs_camera\samples\CAM_BACK\n015-2018-11-21-19-58-31+0800__CAM_BACK__1542801716437525.jpg,57146b2ebf10432f84b15a3038fe1755,8,de7d80a1f5fb4c3e82ce8a4f213b450a,scene-1094,"Night, after rain, many peds, PMD, ped with bag, jaywalker, truck, scooter",rainy,night,singapore-hollandvillage,urban,40,"pedestrian:55,car:23,bicycle:3,bus:2,motorcycle:2",D:\NUSCENES\Trainval\nuScenes_Trainval10_blobs_camera\samples\CAM_BACK\n015-2018-11-21-19-38-26+0800__CAM_BACK__1542800847937525.jpg,CAM_BACK,False,True,10,,,ok,8,0.3750886917114258,ok,False,True,strict_kg_pool; kg_clip_rank=8; matches_structured_conditions,,
M005,雨夜，公交车在路上行驶,中文,three_plus,D:\nuScenes\Trainval\nuScenes_Trainval10_blobs_camera\samples\CAM_BACK\n015-2018-11-21-19-58-31+0800__CAM_BACK__1542801716437525.jpg,57146b2ebf10432f84b15a3038fe1755,9,9544516643a14926bf750fc71c1b307d,scene-1049,"Night, bump, motorcycle, bus, high speed, trash bins, residential area",clear,night,singapore-hollandvillage,highway,40,"movable_object_pushable_pullable:69,car:17,traffic_cone:4,motorcycle:3,bus:1",D:\NUSCENES\Trainval\nuScenes_Trainval10_blobs_camera\samples\CAM_BACK\n015-2018-11-21-19-11-29+0800__CAM_BACK__1542798811637525.jpg,CAM_BACK,False,False,10,3,0.4025171399116516,ok,,,ok,False,False,pure_clip_rank=3,,
M005,雨夜，公交车在路上行驶,中文,three_plus,D:\nuScenes\Trainval\nuScenes_Trainval10_blobs_camera\samples\CAM_BACK\n015-2018-11-21-19-58-31+0800__CAM_BACK__1542801716437525.jpg,57146b2ebf10432f84b15a3038fe1755,10,b57e1a48e584451f8f966ab083c8d07d,scene-1099,"Night, wait at busy intersection, peds, scooter on sidewalk, attempt to turn right",clear,night,singapore-hollandvillage,intersection,40,"car:22,pedestrian:15,bus:3,bicycle:1,motorcycle:1",D:\NUSCENES\Trainval\nuScenes_Trainval10_blobs_camera\samples\CAM_BACK\n015-2018-11-21-19-38-26+0800__CAM_BACK__1542800967937525.jpg,CAM_BACK,False,False,10,5,0.3992471694946289,ok,,,ok,False,False,pure_clip_rank=5,,
M005,雨夜，公交车在路上行驶,中文,three_plus,D:\nuScenes\Trainval\nuScenes_Trainval10_blobs_camera\samples\CAM_BACK\n015-2018-11-21-19-58-31+0800__CAM_BACK__1542801716437525.jpg,57146b2ebf10432f84b15a3038fe1755,11,9771da5dd7bb4657be34365619e39dab,scene-1096,"Night, wait at intersection, peds crossing crosswalk, scooter",clear,night,singapore-hollandvillage,intersection,41,"car:12,pedestrian:12,movable_object_pushable_pullable:2,truck:2,bus:1,motorcycle:1,vehicle_emergency_police:1",D:\NUSCENES\Trainval\nuScenes_Trainval10_blobs_camera\samples\CAM_BACK\n015-2018-11-21-19-38-26+0800__CAM_BACK__1542800907937525.jpg,CAM_BACK,False,False,10,7,0.39687681198120117,ok,,,ok,False,False,pure_clip_rank=7,,
M005,雨夜，公交车在路上行驶,中文,three_plus,D:\nuScenes\Trainval\nuScenes_Trainval10_blobs_camera\samples\CAM_BACK\n015-2018-11-21-19-58-31+0800__CAM_BACK__1542801716437525.jpg,57146b2ebf10432f84b15a3038fe1755,12,e233467e827140efa4b42d2b4c435855,scene-1100,"Night, peds in sidewalk, peds cross crosswalk, scooter, PMD, difficult lighting",clear,night,singapore-hollandvillage,crosswalk,40,"car:16,pedestrian:11,motorcycle:3,bus:2",D:\NUSCENES\Trainval\nuScenes_Trainval10_blobs_camera\samples\CAM_BACK\n015-2018-11-21-19-38-26+0800__CAM_BACK__1542800987937525.jpg,CAM_BACK,False,False,10,9,0.3942301571369171,ok,,,ok,False,False,pure_clip_rank=9,,
M005,雨夜，公交车在路上行驶,中文,three_plus,D:\nuScenes\Trainval\nuScenes_Trainval10_blobs_camera\samples\CAM_BACK\n015-2018-11-21-19-58-31+0800__CAM_BACK__1542801716437525.jpg,57146b2ebf10432f84b15a3038fe1755,13,7061c4fa99a44d02af4a3e2689be4457,scene-1076,"Night, trash cans, scooter, ped, turn left",clear,night,singapore-hollandvillage,intersection,41,"movable_object_pushable_pullable:32,car:24,traffic_cone:4,motorcycle:2,pedestrian:1,truck:1",D:\NUSCENES\Trainval\nuScenes_Trainval10_blobs_camera\samples\CAM_BACK\n015-2018-11-21-19-38-26+0800__CAM_BACK__1542800347937525.jpg,CAM_BACK,False,False,10,10,0.3932666778564453,ok,,,ok,False,False,pure_clip_rank=10,,
M005,雨夜，公交车在路上行驶,中文,three_plus,D:\nuScenes\Trainval\nuScenes_Trainval10_blobs_camera\samples\CAM_BACK\n015-2018-11-21-19-58-31+0800__CAM_BACK__1542801716437525.jpg,57146b2ebf10432f84b15a3038fe1755,14,a2b64d02c5fa4b9bab671a97561b6b33,scene-1095,"Night, rain, lane change, cross intersection, scooter, bus, arrive at intersection",rainy,night,singapore-hollandvillage,intersection,40,"pedestrian:26,car:11,motorcycle:4,bus:2,movable_object_pushable_pullable:1,traffic_cone:1",D:\NUSCENES\Trainval\nuScenes_Trainval10_blobs_camera\samples\CAM_BACK\n015-2018-11-21-19-38-26+0800__CAM_BACK__1542800867937525.jpg,CAM_BACK,False,True,10,,,ok,,,ok,False,True,strict_kg_pool; matches_structured_conditions,,
M005,雨夜，公交车在路上行驶,中文,three_plus,D:\nuScenes\Trainval\nuScenes_Trainval10_blobs_camera\samples\CAM_BACK\n015-2018-11-21-19-58-31+0800__CAM_BACK__1542801716437525.jpg,57146b2ebf10432f84b15a3038fe1755,15,e3b6fe9201c64334be311d4249a0c80e,scene-1104,"Night, truck, rain, cross intersection",rainy,night,singapore-hollandvillage,intersection,41,"car:32,motorcycle:3,bus:2,truck:2",D:\NUSCENES\Trainval\nuScenes_Trainval10_blobs_camera\samples\CAM_BACK\n015-2018-11-21-19-38-26+0800__CAM_BACK__1542801287937525.jpg,CAM_BACK,False,True,10,,,ok,,,ok,False,True,strict_kg_pool; matches_structured_conditions,,
M006,晴天夜晚，行人在路上走，公交车在等红灯，摩托车穿梭而过,中文,three_plus,D:\nuScenes\Trainval\nuScenes_Trainval10_blobs_camera\samples\CAM_FRONT_RIGHT\n015-2018-11-21-19-38-26+0800__CAM_FRONT_RIGHT__1542801002420339.jpg,e233467e827140efa4b42d2b4c435855,1,e233467e827140efa4b42d2b4c435855,scene-1100,"Night, peds in sidewalk, peds cross crosswalk, scooter, PMD, difficult lighting",clear,night,singapore-hollandvillage,crosswalk,40,"car:16,pedestrian:11,motorcycle:3,bus:2",D:\NUSCENES\Trainval\nuScenes_Trainval10_blobs_camera\samples\CAM_FRONT_RIGHT\n015-2018-11-21-19-38-26+0800__CAM_FRONT_RIGHT__1542800987920339.jpg,CAM_FRONT_RIGHT,True,True,15,1,0.3885670602321625,ok,1,0.3885670602321625,ok,True,True,seed_scene; strict_kg_pool; pure_clip_rank=1; kg_clip_rank=1; appears_in_both_rankings; matches_structured_conditions,,
M006,晴天夜晚，行人在路上走，公交车在等红灯，摩托车穿梭而过,中文,three_plus,D:\nuScenes\Trainval\nuScenes_Trainval10_blobs_camera\samples\CAM_FRONT_RIGHT\n015-2018-11-21-19-38-26+0800__CAM_FRONT_RIGHT__1542801002420339.jpg,e233467e827140efa4b42d2b4c435855,2,34a9823fac0d4b9db30898e00b5f9f9c,scene-1017,"Night, ped, cars, bump, scooter, congestion",clear,night,singapore-queenstown,urban,40,"car:33,pedestrian:23,bus:2,bicycle:1,motorcycle:1,traffic_cone:1",D:\NUSCENES\Trainval\nuScenes_Trainval10_blobs_camera\samples\CAM_FRONT_RIGHT\n015-2018-11-14-19-09-14+0800__CAM_FRONT_RIGHT__1542194055120339.jpg,CAM_FRONT_RIGHT,False,True,15,8,0.3773847222328186,ok,2,0.3773847222328186,ok,True,True,strict_kg_pool; pure_clip_rank=8; kg_clip_rank=2; appears_in_both_rankings; matches_structured_conditions,,
M006,晴天夜晚，行人在路上走，公交车在等红灯，摩托车穿梭而过,中文,three_plus,D:\nuScenes\Trainval\nuScenes_Trainval10_blobs_camera\samples\CAM_FRONT_RIGHT\n015-2018-11-21-19-38-26+0800__CAM_FRONT_RIGHT__1542801002420339.jpg,e233467e827140efa4b42d2b4c435855,3,b57e1a48e584451f8f966ab083c8d07d,scene-1099,"Night, wait at busy intersection, peds, scooter on sidewalk, attempt to turn right",clear,night,singapore-hollandvillage,intersection,40,"car:22,pedestrian:15,bus:3,bicycle:1,motorcycle:1",D:\NUSCENES\Trainval\nuScenes_Trainval10_blobs_camera\samples\CAM_FRONT_RIGHT\n015-2018-11-21-19-38-26+0800__CAM_FRONT_RIGHT__1542800967920339.jpg,CAM_FRONT_RIGHT,False,True,15,9,0.3773824870586395,ok,3,0.3773824870586395,ok,True,True,strict_kg_pool; pure_clip_rank=9; kg_clip_rank=3; appears_in_both_rankings; matches_structured_conditions,,
M006,晴天夜晚，行人在路上走，公交车在等红灯，摩托车穿梭而过,中文,three_plus,D:\nuScenes\Trainval\nuScenes_Trainval10_blobs_camera\samples\CAM_FRONT_RIGHT\n015-2018-11-21-19-38-26+0800__CAM_FRONT_RIGHT__1542801002420339.jpg,e233467e827140efa4b42d2b4c435855,4,affb0caa5d2948f98cee5c42c7aefc1c,scene-1084,"Night, scooter, peds, bus stop, parked cars, wait",clear,night,singapore-hollandvillage,bus_stop,41,"car:54,pedestrian:45,motorcycle:14,bus:3,bicycle:1",D:\NUSCENES\Trainval\nuScenes_Trainval10_blobs_camera\samples\CAM_FRONT_RIGHT\n015-2018-11-21-19-38-26+0800__CAM_FRONT_RIGHT__1542800527920339.jpg,CAM_FRONT_RIGHT,False,True,15,,,ok,4,0.37497997283935547,ok,False,True,strict_kg_pool; kg_clip_rank=4; matches_structured_conditions,,
M006,晴天夜晚，行人在路上走，公交车在等红灯，摩托车穿梭而过,中文,three_plus,D:\nuScenes\Trainval\nuScenes_Trainval10_blobs_camera\samples\CAM_FRONT_RIGHT\n015-2018-11-21-19-38-26+0800__CAM_FRONT_RIGHT__1542801002420339.jpg,e233467e827140efa4b42d2b4c435855,5,cdeb0e85e43e481a87b2251351e10c2f,scene-1098,"Night, peds, scooter, bus, waiting at intersection",clear,night,singapore-hollandvillage,intersection,40,"car:19,pedestrian:17,bus:4,motorcycle:2",D:\NUSCENES\Trainval\nuScenes_Trainval10_blobs_camera\samples\CAM_FRONT_RIGHT\n015-2018-11-21-19-38-26+0800__CAM_FRONT_RIGHT__1542800947920339.jpg,CAM_FRONT_RIGHT,False,True,15,,,ok,5,0.37405985593795776,ok,False,True,strict_kg_pool; kg_clip_rank=5; matches_structured_conditions,,
M006,晴天夜晚，行人在路上走，公交车在等红灯，摩托车穿梭而过,中文,three_plus,D:\nuScenes\Trainval\nuScenes_Trainval10_blobs_camera\samples\CAM_FRONT_RIGHT\n015-2018-11-21-19-38-26+0800__CAM_FRONT_RIGHT__1542801002420339.jpg,e233467e827140efa4b42d2b4c435855,6,3ace9decdd1f4ea0915b9862c95ca128,scene-1097,"Night, scooter, start at intersection, turn right, ped crossing crosswalk, bus",clear,night,singapore-hollandvillage,intersection,40,"car:21,pedestrian:5,bus:3,motorcycle:1",D:\NUSCENES\Trainval\nuScenes_Trainval10_blobs_camera\samples\CAM_FRONT_RIGHT\n015-2018-11-21-19-38-26+0800__CAM_FRONT_RIGHT__1542800927920339.jpg,CAM_FRONT_RIGHT,False,True,15,,,ok,6,0.3729618489742279,ok,False,True,strict_kg_pool; kg_clip_rank=6; matches_structured_conditions,,
M006,晴天夜晚，行人在路上走，公交车在等红灯，摩托车穿梭而过,中文,three_plus,D:\nuScenes\Trainval\nuScenes_Trainval10_blobs_camera\samples\CAM_FRONT_RIGHT\n015-2018-11-21-19-38-26+0800__CAM_FRONT_RIGHT__1542801002420339.jpg,e233467e827140efa4b42d2b4c435855,7,567fcd99d0dc4fa088f52b047f4ebdcf,scene-1083,"Night, big street, bus, scooter, turn right",clear,night,singapore-hollandvillage,street,40,"car:31,pedestrian:11,bus:5,motorcycle:2",D:\NUSCENES\Trainval\nuScenes_Trainval10_blobs_camera\samples\CAM_FRONT_RIGHT\n015-2018-11-21-19-38-26+0800__CAM_FRONT_RIGHT__1542800507920339.jpg,CAM_FRONT_RIGHT,False,True,15,,,ok,7,0.36789488792419434,ok,False,True,strict_kg_pool; kg_clip_rank=7; matches_structured_conditions,,
M006,晴天夜晚，行人在路上走，公交车在等红灯，摩托车穿梭而过,中文,three_plus,D:\nuScenes\Trainval\nuScenes_Trainval10_blobs_camera\samples\CAM_FRONT_RIGHT\n015-2018-11-21-19-38-26+0800__CAM_FRONT_RIGHT__1542801002420339.jpg,e233467e827140efa4b42d2b4c435855,8,9771da5dd7bb4657be34365619e39dab,scene-1096,"Night, wait at intersection, peds crossing crosswalk, scooter",clear,night,singapore-hollandvillage,intersection,41,"car:12,pedestrian:12,movable_object_pushable_pullable:2,truck:2,bus:1,motorcycle:1,vehicle_emergency_police:1",D:\NUSCENES\Trainval\nuScenes_Trainval10_blobs_camera\samples\CAM_FRONT_RIGHT\n015-2018-11-21-19-38-26+0800__CAM_FRONT_RIGHT__1542800907920339.jpg,CAM_FRONT_RIGHT,False,True,15,,,ok,8,0.36521440744400024,ok,False,True,strict_kg_pool; kg_clip_rank=8; matches_structured_conditions,,
M006,晴天夜晚，行人在路上走，公交车在等红灯，摩托车穿梭而过,中文,three_plus,D:\nuScenes\Trainval\nuScenes_Trainval10_blobs_camera\samples\CAM_FRONT_RIGHT\n015-2018-11-21-19-38-26+0800__CAM_FRONT_RIGHT__1542801002420339.jpg,e233467e827140efa4b42d2b4c435855,9,f634de95cc7043b8b38ceaac67d472cf,scene-1044,"Night, motorcycles, dense traffic, congestion, arrive at intersection",clear,night,singapore-hollandvillage,intersection,41,"car:30,movable_object_pushable_pullable:7,bus:2,motorcycle:2,truck:2,barrier:1,pedestrian:1",D:\NUSCENES\Trainval\nuScenes_Trainval10_blobs_camera\samples\CAM_FRONT_RIGHT\n015-2018-11-21-19-11-29+0800__CAM_FRONT_RIGHT__1542798691620339.jpg,CAM_FRONT_RIGHT,False,True,15,,,ok,9,0.36433762311935425,ok,False,True,strict_kg_pool; kg_clip_rank=9; matches_structured_conditions,,
M006,晴天夜晚，行人在路上走，公交车在等红灯，摩托车穿梭而过,中文,three_plus,D:\nuScenes\Trainval\nuScenes_Trainval10_blobs_camera\samples\CAM_FRONT_RIGHT\n015-2018-11-21-19-38-26+0800__CAM_FRONT_RIGHT__1542801002420339.jpg,e233467e827140efa4b42d2b4c435855,10,277af8c7487f4f24bd2953d4dc8d11ff,scene-1075,"Night, bus, parked cars, bus stop, peds, trash cans, high speed",clear,night,singapore-hollandvillage,bus_stop,40,"movable_object_pushable_pullable:85,car:12,bus:1,motorcycle:1,pedestrian:1",D:\NUSCENES\Trainval\nuScenes_Trainval10_blobs_camera\samples\CAM_FRONT_RIGHT\n015-2018-11-21-19-38-26+0800__CAM_FRONT_RIGHT__1542800327920339.jpg,CAM_FRONT_RIGHT,False,True,15,,,ok,10,0.35846999287605286,ok,False,True,strict_kg_pool; kg_clip_rank=10; matches_structured_conditions,,
M006,晴天夜晚，行人在路上走，公交车在等红灯，摩托车穿梭而过,中文,three_plus,D:\nuScenes\Trainval\nuScenes_Trainval10_blobs_camera\samples\CAM_FRONT_RIGHT\n015-2018-11-21-19-38-26+0800__CAM_FRONT_RIGHT__1542801002420339.jpg,e233467e827140efa4b42d2b4c435855,11,a1e7cd557b9541dbb00822ea0c56204b,scene-1080,"Night, big street, dense traffic, scooters",clear,night,singapore-hollandvillage,street,40,"car:44,motorcycle:3,pedestrian:3",D:\NUSCENES\Trainval\nuScenes_Trainval10_blobs_camera\samples\CAM_FRONT_RIGHT\n015-2018-11-21-19-38-26+0800__CAM_FRONT_RIGHT__1542800427920339.jpg,CAM_FRONT_RIGHT,False,False,15,2,0.38461461663246155,ok,,,ok,False,False,pure_clip_rank=2,,
M006,晴天夜晚，行人在路上走，公交车在等红灯，摩托车穿梭而过,中文,three_plus,D:\nuScenes\Trainval\nuScenes_Trainval10_blobs_camera\samples\CAM_FRONT_RIGHT\n015-2018-11-21-19-38-26+0800__CAM_FRONT_RIGHT__1542801002420339.jpg,e233467e827140efa4b42d2b4c435855,12,f97bf749746c4c3a8ad9f1c11eab6444,scene-1064,"Night, trash cans, wait for scooter, turn right, parking lot",clear,night,singapore-hollandvillage,parking_lot,40,"car:9,movable_object_pushable_pullable:9,motorcycle:1",D:\NUSCENES\Trainval\nuScenes_Trainval10_blobs_camera\samples\CAM_FRONT_RIGHT\n015-2018-11-21-19-21-35+0800__CAM_FRONT_RIGHT__1542799522370339.jpg,CAM_FRONT_RIGHT,False,False,15,3,0.3829004168510437,ok,,,ok,False,False,pure_clip_rank=3,,
M006,晴天夜晚，行人在路上走，公交车在等红灯，摩托车穿梭而过,中文,three_plus,D:\nuScenes\Trainval\nuScenes_Trainval10_blobs_camera\samples\CAM_FRONT_RIGHT\n015-2018-11-21-19-38-26+0800__CAM_FRONT_RIGHT__1542801002420339.jpg,e233467e827140efa4b42d2b4c435855,13,de7d80a1f5fb4c3e82ce8a4f213b450a,scene-1094,"Night, after rain, many peds, PMD, ped with bag, jaywalker, truck, scooter",rainy,night,singapore-hollandvillage,urban,40,"pedestrian:55,car:23,bicycle:3,bus:2,motorcycle:2",D:\NUSCENES\Trainval\nuScenes_Trainval10_blobs_camera\samples\CAM_FRONT_RIGHT\n015-2018-11-21-19-38-26+0800__CAM_FRONT_RIGHT__1542800847920339.jpg,CAM_FRONT_RIGHT,False,False,15,4,0.3811397850513458,ok,,,ok,False,False,pure_clip_rank=4,,
M006,晴天夜晚，行人在路上走，公交车在等红灯，摩托车穿梭而过,中文,three_plus,D:\nuScenes\Trainval\nuScenes_Trainval10_blobs_camera\samples\CAM_FRONT_RIGHT\n015-2018-11-21-19-38-26+0800__CAM_FRONT_RIGHT__1542801002420339.jpg,e233467e827140efa4b42d2b4c435855,14,a2b64d02c5fa4b9bab671a97561b6b33,scene-1095,"Night, rain, lane change, cross intersection, scooter, bus, arrive at intersection",rainy,night,singapore-hollandvillage,intersection,40,"pedestrian:26,car:11,motorcycle:4,bus:2,movable_object_pushable_pullable:1,traffic_cone:1",D:\NUSCENES\Trainval\nuScenes_Trainval10_blobs_camera\samples\CAM_FRONT_RIGHT\n015-2018-11-21-19-38-26+0800__CAM_FRONT_RIGHT__1542800867920340.jpg,CAM_FRONT_RIGHT,False,False,15,5,0.3804095983505249,ok,,,ok,False,False,pure_clip_rank=5,,
M006,晴天夜晚，行人在路上走，公交车在等红灯，摩托车穿梭而过,中文,three_plus,D:\nuScenes\Trainval\nuScenes_Trainval10_blobs_camera\samples\CAM_FRONT_RIGHT\n015-2018-11-21-19-38-26+0800__CAM_FRONT_RIGHT__1542801002420339.jpg,e233467e827140efa4b42d2b4c435855,15,57146b2ebf10432f84b15a3038fe1755,scene-1110,"Night, rain, bus, turn right, peds, bus stop",rainy,night,singapore-hollandvillage,bus_stop,40,"car:39,pedestrian:33,bus:2,bicycle:1",D:\NUSCENES\Trainval\nuScenes_Trainval10_blobs_camera\samples\CAM_FRONT_RIGHT\n015-2018-11-21-19-58-31+0800__CAM_FRONT_RIGHT__1542801713920348.jpg,CAM_FRONT_RIGHT,False,False,15,6,0.3796716332435608,ok,,,ok,False,False,pure_clip_rank=6,,
M007,白天下雨，拖车在路障后停靠,中文,three_plus,D:\nuScenes\Trainval\nuScenes_Trainval06_blobs_camera\samples\CAM_BACK_RIGHT\n008-2018-09-18-13-10-39-0400__CAM_BACK_RIGHT__1537290801679504.jpg,673ce9bdd9254fff82a524653a07b57f,1,673ce9bdd9254fff82a524653a07b57f,scene-0571,"Rain, many parked trucks, cross intersection",rainy,day,boston-seaport,intersection,41,"truck:45,trailer:14,car:13,construction_vehicle:5,barrier:2,movable_object_pushable_pullable:1,pedestrian:1",D:\NUSCENES\Trainval\nuScenes_Trainval06_blobs_camera\samples\CAM_BACK_RIGHT\n008-2018-09-18-13-10-39-0400__CAM_BACK_RIGHT__1537290796278113.jpg,CAM_BACK_RIGHT,True,True,24,3,0.4265292286872864,ok,1,0.4265292286872864,ok,True,True,seed_scene; strict_kg_pool; pure_clip_rank=3; kg_clip_rank=1; appears_in_both_rankings; matches_structured_conditions,,
M007,白天下雨，拖车在路障后停靠,中文,three_plus,D:\nuScenes\Trainval\nuScenes_Trainval06_blobs_camera\samples\CAM_BACK_RIGHT\n008-2018-09-18-13-10-39-0400__CAM_BACK_RIGHT__1537290801679504.jpg,673ce9bdd9254fff82a524653a07b57f,2,bd22f197e9f648cba8e307869479629b,scene-0600,"Rain, parked busses, parking lot",rainy,day,boston-seaport,parking_lot,41,"barrier:43,car:18,truck:16,bus:6,trailer:3,pedestrian:2,bicycle:1,traffic_cone:1",D:\NUSCENES\Trainval\nuScenes_Trainval06_blobs_camera\samples\CAM_BACK_RIGHT\n008-2018-09-18-13-41-50-0400__CAM_BACK_RIGHT__1537293316278113.jpg,CAM_BACK_RIGHT,False,True,24,6,0.4174019992351532,ok,2,0.4174019992351532,ok,True,True,strict_kg_pool; pure_clip_rank=6; kg_clip_rank=2; appears_in_both_rankings; matches_structured_conditions,,
M007,白天下雨，拖车在路障后停靠,中文,three_plus,D:\nuScenes\Trainval\nuScenes_Trainval06_blobs_camera\samples\CAM_BACK_RIGHT\n008-2018-09-18-13-10-39-0400__CAM_BACK_RIGHT__1537290801679504.jpg,673ce9bdd9254fff82a524653a07b57f,3,4bcb814456f044919bc052c208dbebc5,scene-0644,"Rain, parked cars, parking lot, ped, parked truck, construction vehicle, sign trailer",rainy,day,boston-seaport,parking_lot,40,"car:63,truck:12,construction_vehicle:7,traffic_cone:6,trailer:4,pedestrian:3,barrier:2",D:\NUSCENES\Trainval\nuScenes_Trainval06_blobs_camera\samples\CAM_BACK_RIGHT\n008-2018-09-18-14-43-59-0400__CAM_BACK_RIGHT__1537296424378113.jpg,CAM_BACK_RIGHT,False,True,24,8,0.4139845371246338,ok,3,0.4139845371246338,ok,True,True,strict_kg_pool; pure_clip_rank=8; kg_clip_rank=3; appears_in_both_rankings; matches_structured_conditions,,
M007,白天下雨，拖车在路障后停靠,中文,three_plus,D:\nuScenes\Trainval\nuScenes_Trainval06_blobs_camera\samples\CAM_BACK_RIGHT\n008-2018-09-18-13-10-39-0400__CAM_BACK_RIGHT__1537290801679504.jpg,673ce9bdd9254fff82a524653a07b57f,4,a6fae4900f8e46cba689b59b5bc8a2ab,scene-0648,"Rain, cross intersection, reflections, bicycle rack, bus",rainy,day,boston-seaport,intersection,40,"truck:22,barrier:20,car:19,bus:3,movable_object_pushable_pullable:3,pedestrian:3,trailer:3,bicycle:2,construction_vehicle:2,motorcycle:1",D:\NUSCENES\Trainval\nuScenes_Trainval06_blobs_camera\samples\CAM_BACK_RIGHT\n008-2018-09-18-14-43-59-0400__CAM_BACK_RIGHT__1537296504278113.jpg,CAM_BACK_RIGHT,False,True,24,9,0.4133937954902649,ok,4,0.4133937954902649,ok,True,True,strict_kg_pool; pure_clip_rank=9; kg_clip_rank=4; appears_in_both_rankings; matches_structured_conditions,,
M007,白天下雨，拖车在路障后停靠,中文,three_plus,D:\nuScenes\Trainval\nuScenes_Trainval06_blobs_camera\samples\CAM_BACK_RIGHT\n008-2018-09-18-13-10-39-0400__CAM_BACK_RIGHT__1537290801679504.jpg,673ce9bdd9254fff82a524653a07b57f,5,7210f928860043b5a7e0d3dd4b3e80ff,scene-0634,"Rain, industrial, parking lot, semi backing up",rainy,day,boston-seaport,parking_lot,40,"car:40,truck:21,barrier:15,traffic_cone:9,trailer:8,pedestrian:1",D:\NUSCENES\Trainval\nuScenes_Trainval06_blobs_camera\samples\CAM_BACK_RIGHT\n008-2018-09-18-14-35-12-0400__CAM_BACK_RIGHT__1537296055878113.jpg,CAM_BACK_RIGHT,False,True,24,10,0.41280102729797363,ok,5,0.41280102729797363,ok,True,True,strict_kg_pool; pure_clip_rank=10; kg_clip_rank=5; appears_in_both_rankings; matches_structured_conditions,,
M007,白天下雨，拖车在路障后停靠,中文,three_plus,D:\nuScenes\Trainval\nuScenes_Trainval06_blobs_camera\samples\CAM_BACK_RIGHT\n008-2018-09-18-13-10-39-0400__CAM_BACK_RIGHT__1537290801679504.jpg,673ce9bdd9254fff82a524653a07b57f,6,7bd098ac88cb4221addd19202a7ea5de,scene-0635,"Stationary in rain, semi backing up",rainy,day,boston-seaport,urban,40,"car:22,truck:14,trailer:11,barrier:1",D:\NUSCENES\Trainval\nuScenes_Trainval06_blobs_camera\samples\CAM_BACK_RIGHT\n008-2018-09-18-14-35-12-0400__CAM_BACK_RIGHT__1537296075878113.jpg,CAM_BACK_RIGHT,False,True,24,,,ok,6,0.4119105041027069,ok,False,True,strict_kg_pool; kg_clip_rank=6; matches_structured_conditions,,
M007,白天下雨，拖车在路障后停靠,中文,three_plus,D:\nuScenes\Trainval\nuScenes_Trainval06_blobs_camera\samples\CAM_BACK_RIGHT\n008-2018-09-18-13-10-39-0400__CAM_BACK_RIGHT__1537290801679504.jpg,673ce9bdd9254fff82a524653a07b57f,7,d4c5db6faa9f443795ad86561e9e556e,scene-0599,"Rain, peds, construction, turn right, containers, cyclist",rainy,day,boston-seaport,urban,40,"barrier:68,trailer:23,traffic_cone:15,truck:11,car:9,bus:5,pedestrian:5,bicycle:1,construction_vehicle:1,movable_object_debris:1",D:\NUSCENES\Trainval\nuScenes_Trainval06_blobs_camera\samples\CAM_BACK_RIGHT\n008-2018-09-18-13-41-50-0400__CAM_BACK_RIGHT__1537293296278113.jpg,CAM_BACK_RIGHT,False,True,24,,,ok,7,0.4104166626930237,ok,False,True,strict_kg_pool; kg_clip_rank=7; matches_structured_conditions,,
M007,白天下雨，拖车在路障后停靠,中文,three_plus,D:\nuScenes\Trainval\nuScenes_Trainval06_blobs_camera\samples\CAM_BACK_RIGHT\n008-2018-09-18-13-10-39-0400__CAM_BACK_RIGHT__1537290801679504.jpg,673ce9bdd9254fff82a524653a07b57f,8,19d97841d6f64eba9f6eb9b6e8c257dc,scene-0636,"Rain, turn right, parked trucks",rainy,day,boston-seaport,urban,40,"car:21,trailer:11,truck:10,barrier:2,construction_vehicle:1,pedestrian:1",D:\NUSCENES\Trainval\nuScenes_Trainval06_blobs_camera\samples\CAM_BACK_RIGHT\n008-2018-09-18-14-35-12-0400__CAM_BACK_RIGHT__1537296115928113.jpg,CAM_BACK_RIGHT,False,True,24,,,ok,8,0.40667521953582764,ok,False,True,strict_kg_pool; kg_clip_rank=8; matches_structured_conditions,,
M007,白天下雨，拖车在路障后停靠,中文,three_plus,D:\nuScenes\Trainval\nuScenes_Trainval06_blobs_camera\samples\CAM_BACK_RIGHT\n008-2018-09-18-13-10-39-0400__CAM_BACK_RIGHT__1537290801679504.jpg,673ce9bdd9254fff82a524653a07b57f,9,991d65cab952449a821deb32e971ff19,scene-0629,"Rain, industrial, turn twice",rainy,day,boston-seaport,urban,40,"car:41,truck:25,barrier:21,traffic_cone:9,trailer:7,animal:2,construction_vehicle:2",D:\NUSCENES\Trainval\nuScenes_Trainval06_blobs_camera\samples\CAM_BACK_RIGHT\n008-2018-09-18-14-35-12-0400__CAM_BACK_RIGHT__1537295913878113.jpg,CAM_BACK_RIGHT,False,True,24,,,ok,9,0.40660083293914795,ok,False,True,strict_kg_pool; kg_clip_rank=9; matches_structured_conditions,,
M007,白天下雨，拖车在路障后停靠,中文,three_plus,D:\nuScenes\Trainval\nuScenes_Trainval06_blobs_camera\samples\CAM_BACK_RIGHT\n008-2018-09-18-13-10-39-0400__CAM_BACK_RIGHT__1537290801679504.jpg,673ce9bdd9254fff82a524653a07b57f,10,0287702725184161af95373198546a59,scene-0587,"Rain, wait at intersection, truck",rainy,day,boston-seaport,intersection,41,"car:21,barrier:17,truck:10,traffic_cone:9,pedestrian:2,trailer:2,construction_vehicle:1",D:\NUSCENES\Trainval\nuScenes_Trainval06_blobs_camera\samples\CAM_BACK_RIGHT\n008-2018-09-18-13-41-50-0400__CAM_BACK_RIGHT__1537292711278113.jpg,CAM_BACK_RIGHT,False,True,24,,,ok,10,0.4053249657154083,ok,False,True,strict_kg_pool; kg_clip_rank=10; matches_structured_conditions,,
M007,白天下雨，拖车在路障后停靠,中文,three_plus,D:\nuScenes\Trainval\nuScenes_Trainval06_blobs_camera\samples\CAM_BACK_RIGHT\n008-2018-09-18-13-10-39-0400__CAM_BACK_RIGHT__1537290801679504.jpg,673ce9bdd9254fff82a524653a07b57f,11,43d5f10c855048b9963c9eb288a8a001,scene-0583,"Rain, parking lot, stopped briefly at intersection",rainy,day,boston-seaport,intersection,41,"car:92,pedestrian:5,truck:4,motorcycle:1",D:\NUSCENES\Trainval\nuScenes_Trainval06_blobs_camera\samples\CAM_BACK_RIGHT\n008-2018-09-18-13-10-39-0400__CAM_BACK_RIGHT__1537291143278113.jpg,CAM_BACK_RIGHT,False,False,24,1,0.433194100856781,ok,,,ok,False,False,pure_clip_rank=1,,
M007,白天下雨，拖车在路障后停靠,中文,three_plus,D:\nuScenes\Trainval\nuScenes_Trainval06_blobs_camera\samples\CAM_BACK_RIGHT\n008-2018-09-18-13-10-39-0400__CAM_BACK_RIGHT__1537290801679504.jpg,673ce9bdd9254fff82a524653a07b57f,12,73b16c26a0d24c7a841e4cbe5d0d7878,scene-0580,"Rain, long street, parked car",rainy,day,boston-seaport,street,41,"car:40,truck:18,construction_vehicle:7,trailer:1",D:\NUSCENES\Trainval\nuScenes_Trainval06_blobs_camera\samples\CAM_BACK_RIGHT\n008-2018-09-18-13-10-39-0400__CAM_BACK_RIGHT__1537291061278113.jpg,CAM_BACK_RIGHT,False,False,24,2,0.4324890971183777,ok,,,ok,False,False,pure_clip_rank=2,,
M007,白天下雨，拖车在路障后停靠,中文,three_plus,D:\nuScenes\Trainval\nuScenes_Trainval06_blobs_camera\samples\CAM_BACK_RIGHT\n008-2018-09-18-13-10-39-0400__CAM_BACK_RIGHT__1537290801679504.jpg,673ce9bdd9254fff82a524653a07b57f,13,0b8948ee96ac46faad405bf1ffc70bb1,scene-0570,"Rain, wait at intersection, turn right, bus, truck, many parked trucks",rainy,day,boston-seaport,intersection,40,"truck:39,car:30,trailer:6,pedestrian:2,traffic_cone:2,construction_vehicle:1",D:\NUSCENES\Trainval\nuScenes_Trainval06_blobs_camera\samples\CAM_BACK_RIGHT\n008-2018-09-18-13-10-39-0400__CAM_BACK_RIGHT__1537290776378113.jpg,CAM_BACK_RIGHT,False,False,24,4,0.42612189054489136,ok,,,ok,False,False,pure_clip_rank=4,,
M007,白天下雨，拖车在路障后停靠,中文,three_plus,D:\nuScenes\Trainval\nuScenes_Trainval06_blobs_camera\samples\CAM_BACK_RIGHT\n008-2018-09-18-13-10-39-0400__CAM_BACK_RIGHT__1537290801679504.jpg,673ce9bdd9254fff82a524653a07b57f,14,491322eec05043c9907c59aa35b046ea,scene-0646,"Heavy, parking lot, truck, concrete barricades",clear,day,boston-seaport,parking_lot,40,"barrier:88,car:42,truck:14,bus:4,trailer:4,construction_vehicle:1,motorcycle:1,pedestrian:1",D:\NUSCENES\Trainval\nuScenes_Trainval06_blobs_camera\samples\CAM_BACK_RIGHT\n008-2018-09-18-14-43-59-0400__CAM_BACK_RIGHT__1537296464378113.jpg,CAM_BACK_RIGHT,False,False,24,5,0.41809481382369995,ok,,,ok,False,False,pure_clip_rank=5,,
M007,白天下雨，拖车在路障后停靠,中文,three_plus,D:\nuScenes\Trainval\nuScenes_Trainval06_blobs_camera\samples\CAM_BACK_RIGHT\n008-2018-09-18-13-10-39-0400__CAM_BACK_RIGHT__1537290801679504.jpg,673ce9bdd9254fff82a524653a07b57f,15,38b3010304734913bb148d17ebbc352b,scene-0645,"Rain, parked cars, wait at intersection, ped crossing crosswalk, turn right, truck",rainy,day,boston-seaport,intersection,41,"car:29,truck:18,traffic_cone:5,trailer:4,construction_vehicle:3,pedestrian:2",D:\NUSCENES\Trainval\nuScenes_Trainval06_blobs_camera\samples\CAM_BACK_RIGHT\n008-2018-09-18-14-43-59-0400__CAM_BACK_RIGHT__1537296444278113.jpg,CAM_BACK_RIGHT,False,False,24,7,0.41560107469558716,ok,,,ok,False,False,pure_clip_rank=7,,
M008,白天放晴，卡车在路障旁,中文,three_plus,D:\nuScenes\Trainval\nuScenes_Trainval06_blobs_camera\samples\CAM_FRONT_LEFT\n008-2018-08-31-11-37-23-0400__CAM_FRONT_LEFT__1535730498404799.jpg,30a1a4ccd60047b4a22ee3bf0645f3ad,1,30a1a4ccd60047b4a22ee3bf0645f3ad,scene-0562,"Parked cars, pedestrians, pedestrians on flyover, parked bicycles on bikeracks, barricades, passing below flyover",clear,day,boston-seaport,urban,40,"barrier:68,car:43,traffic_cone:19,pedestrian:12,truck:8,trailer:3,construction_vehicle:2,movable_object_pushable_pullable:2,bicycle:1,static_object_bicycle_rack:1",D:\NUSCENES\Trainval\nuScenes_Trainval06_blobs_camera\samples\CAM_FRONT_LEFT\n008-2018-08-31-11-37-23-0400__CAM_FRONT_LEFT__1535730494854799.jpg,CAM_FRONT_LEFT,True,True,15,,,ok,5,0.37746068835258484,ok,False,True,seed_scene; strict_kg_pool; kg_clip_rank=5; matches_structured_conditions,,
M008,白天放晴，卡车在路障旁,中文,three_plus,D:\nuScenes\Trainval\nuScenes_Trainval06_blobs_camera\samples\CAM_FRONT_LEFT\n008-2018-08-31-11-37-23-0400__CAM_FRONT_LEFT__1535730498404799.jpg,30a1a4ccd60047b4a22ee3bf0645f3ad,2,c7604a179ea94e45857ec2c16416e5ad,scene-0543,"Oncoming truck, pedestrian, parking lot, parked cars by the side",clear,day,boston-seaport,parking_lot,40,"car:60,truck:21,pedestrian:6,construction_vehicle:4,trailer:4,traffic_cone:3,barrier:2,vehicle_emergency_police:1",D:\NUSCENES\Trainval\nuScenes_Trainval06_blobs_camera\samples\CAM_FRONT_LEFT\n008-2018-08-30-15-52-26-0400__CAM_FRONT_LEFT__1535659467004799.jpg,CAM_FRONT_LEFT,False,True,15,1,0.41175785660743713,ok,1,0.41175785660743713,ok,True,True,strict_kg_pool; pure_clip_rank=1; kg_clip_rank=1; appears_in_both_rankings; matches_structured_conditions,,
M008,白天放晴，卡车在路障旁,中文,three_plus,D:\nuScenes\Trainval\nuScenes_Trainval06_blobs_camera\samples\CAM_FRONT_LEFT\n008-2018-08-31-11-37-23-0400__CAM_FRONT_LEFT__1535730498404799.jpg,30a1a4ccd60047b4a22ee3bf0645f3ad,3,54f56f80350b4c07af598ee87cf3886a,scene-0565,"Turning right, pedestrian with suitcase, pedestrian, construction zone, parked car",clear,day,boston-seaport,urban,40,"car:22,traffic_cone:22,pedestrian:20,barrier:16,truck:9,trailer:5,movable_object_pushable_pullable:3,bus:1,construction_vehicle:1",D:\NUSCENES\Trainval\nuScenes_Trainval06_blobs_camera\samples\CAM_FRONT_LEFT\n008-2018-08-31-11-37-23-0400__CAM_FRONT_LEFT__1535730654854799.jpg,CAM_FRONT_LEFT,False,True,15,2,0.3965137004852295,ok,2,0.3965137004852295,ok,True,True,strict_kg_pool; pure_clip_rank=2; kg_clip_rank=2; appears_in_both_rankings; matches_structured_conditions,,
M008,白天放晴，卡车在路障旁,中文,three_plus,D:\nuScenes\Trainval\nuScenes_Trainval06_blobs_camera\samples\CAM_FRONT_LEFT\n008-2018-08-31-11-37-23-0400__CAM_FRONT_LEFT__1535730498404799.jpg,30a1a4ccd60047b4a22ee3bf0645f3ad,4,08110c8640454affb5167801442a85fd,scene-0653,"Parked cars, jaywalkers, parked truck",clear,day,boston-seaport,urban,41,"car:52,truck:17,traffic_cone:15,trailer:11,pedestrian:5,barrier:3,motorcycle:3,bicycle:2,bus:1",D:\NUSCENES\Trainval\nuScenes_Trainval06_blobs_camera\samples\CAM_FRONT_LEFT\n008-2018-08-27-11-48-51-0400__CAM_FRONT_LEFT__1535385032104799.jpg,CAM_FRONT_LEFT,False,True,15,3,0.3936125636100769,ok,3,0.3936125636100769,ok,True,True,strict_kg_pool; pure_clip_rank=3; kg_clip_rank=3; appears_in_both_rankings; matches_structured_conditions,,
M008,白天放晴，卡车在路障旁,中文,three_plus,D:\nuScenes\Trainval\nuScenes_Trainval06_blobs_camera\samples\CAM_FRONT_LEFT\n008-2018-08-31-11-37-23-0400__CAM_FRONT_LEFT__1535730498404799.jpg,30a1a4ccd60047b4a22ee3bf0645f3ad,5,9056ac9944e846109b00e31cc96259cb,scene-0654,"Turn right, crane, policemen on road, parked cars",clear,day,boston-seaport,urban,40,"barrier:47,car:26,truck:11,pedestrian:6,trailer:4,construction_vehicle:3,traffic_cone:3,motorcycle:1",D:\NUSCENES\Trainval\nuScenes_Trainval06_blobs_camera\samples\CAM_FRONT_LEFT\n008-2018-08-27-11-48-51-0400__CAM_FRONT_LEFT__1535385052104799.jpg,CAM_FRONT_LEFT,False,True,15,10,0.3846951425075531,ok,4,0.3846951425075531,ok,True,True,strict_kg_pool; pure_clip_rank=10; kg_clip_rank=4; appears_in_both_rankings; matches_structured_conditions,,
M008,白天放晴，卡车在路障旁,中文,three_plus,D:\nuScenes\Trainval\nuScenes_Trainval06_blobs_camera\samples\CAM_FRONT_LEFT\n008-2018-08-31-11-37-23-0400__CAM_FRONT_LEFT__1535730498404799.jpg,30a1a4ccd60047b4a22ee3bf0645f3ad,6,491322eec05043c9907c59aa35b046ea,scene-0646,"Heavy, parking lot, truck, concrete barricades",clear,day,boston-seaport,parking_lot,40,"barrier:88,car:42,truck:14,bus:4,trailer:4,construction_vehicle:1,motorcycle:1,pedestrian:1",D:\NUSCENES\Trainval\nuScenes_Trainval06_blobs_camera\samples\CAM_FRONT_LEFT\n008-2018-09-18-14-43-59-0400__CAM_FRONT_LEFT__1537296464354799.jpg,CAM_FRONT_LEFT,False,True,15,,,ok,6,0.37462544441223145,ok,False,True,strict_kg_pool; kg_clip_rank=6; matches_structured_conditions,,
M008,白天放晴，卡车在路障旁,中文,three_plus,D:\nuScenes\Trainval\nuScenes_Trainval06_blobs_camera\samples\CAM_FRONT_LEFT\n008-2018-08-31-11-37-23-0400__CAM_FRONT_LEFT__1535730498404799.jpg,30a1a4ccd60047b4a22ee3bf0645f3ad,7,6b80170cd8404e6298d353bf1fa8dc0c,scene-0536,"Turning right at intersection, narrow path, cars, pedestrian",clear,day,boston-seaport,intersection,40,"car:22,barrier:15,truck:6,pedestrian:5,construction_vehicle:3,traffic_cone:2",D:\NUSCENES\Trainval\nuScenes_Trainval06_blobs_camera\samples\CAM_FRONT_LEFT\n008-2018-08-30-15-52-26-0400__CAM_FRONT_LEFT__1535659267004799.jpg,CAM_FRONT_LEFT,False,True,15,,,ok,7,0.3709487020969391,ok,False,True,strict_kg_pool; kg_clip_rank=7; matches_structured_conditions,,
M008,白天放晴，卡车在路障旁,中文,three_plus,D:\nuScenes\Trainval\nuScenes_Trainval06_blobs_camera\samples\CAM_FRONT_LEFT\n008-2018-08-31-11-37-23-0400__CAM_FRONT_LEFT__1535730498404799.jpg,30a1a4ccd60047b4a22ee3bf0645f3ad,8,0e7ede02718341558414865d5c604745,scene-0559,"Passing intersection, pedestrian, parked cars, construction zone, construction vehicles",clear,day,boston-seaport,intersection,41,"car:28,traffic_cone:20,pedestrian:11,truck:9,construction_vehicle:5,movable_object_debris:2,movable_object_pushable_pullable:2,bus:1",D:\NUSCENES\Trainval\nuScenes_Trainval06_blobs_camera\samples\CAM_FRONT_LEFT\n008-2018-08-31-11-37-23-0400__CAM_FRONT_LEFT__1535730400854799.jpg,CAM_FRONT_LEFT,False,False,15,4,0.3927202820777893,ok,,,ok,False,False,pure_clip_rank=4,,
M008,白天放晴，卡车在路障旁,中文,three_plus,D:\nuScenes\Trainval\nuScenes_Trainval06_blobs_camera\samples\CAM_FRONT_LEFT\n008-2018-08-31-11-37-23-0400__CAM_FRONT_LEFT__1535730498404799.jpg,30a1a4ccd60047b4a22ee3bf0645f3ad,9,b829278aae2747959f2a95423455bbcb,scene-0597,"Rain, parked cars, peds and children, parked truck",rainy,day,boston-seaport,urban,40,"car:75,pedestrian:11,truck:7,traffic_cone:5,bicycle:3,bus:3,movable_object_pushable_pullable:2,motorcycle:1,trailer:1",D:\NUSCENES\Trainval\nuScenes_Trainval06_blobs_camera\samples\CAM_FRONT_LEFT\n008-2018-09-18-13-41-50-0400__CAM_FRONT_LEFT__1537293216254799.jpg,CAM_FRONT_LEFT,False,False,15,5,0.3909326195716858,ok,,,ok,False,False,pure_clip_rank=5,,
M008,白天放晴，卡车在路障旁,中文,three_plus,D:\nuScenes\Trainval\nuScenes_Trainval06_blobs_camera\samples\CAM_FRONT_LEFT\n008-2018-08-31-11-37-23-0400__CAM_FRONT_LEFT__1535730498404799.jpg,30a1a4ccd60047b4a22ee3bf0645f3ad,10,2f0e54af35964a3fb347359836bec035,scene-0539,"Jaywalkers, bicycle racks, bus, parked scooters, parked bicycles, many peds, cross intersection",clear,day,boston-seaport,intersection,41,"pedestrian:49,car:26,truck:10,movable_object_pushable_pullable:6,static_object_bicycle_rack:2,bus:1,motorcycle:1",D:\NUSCENES\Trainval\nuScenes_Trainval06_blobs_camera\samples\CAM_FRONT_LEFT\n008-2018-08-30-15-52-26-0400__CAM_FRONT_LEFT__1535659327004799.jpg,CAM_FRONT_LEFT,False,False,15,6,0.38989412784576416,ok,,,ok,False,False,pure_clip_rank=6,,
M008,白天放晴，卡车在路障旁,中文,three_plus,D:\nuScenes\Trainval\nuScenes_Trainval06_blobs_camera\samples\CAM_FRONT_LEFT\n008-2018-08-31-11-37-23-0400__CAM_FRONT_LEFT__1535730498404799.jpg,30a1a4ccd60047b4a22ee3bf0645f3ad,11,a6fae4900f8e46cba689b59b5bc8a2ab,scene-0648,"Rain, cross intersection, reflections, bicycle rack, bus",rainy,day,boston-seaport,intersection,40,"truck:22,barrier:20,car:19,bus:3,movable_object_pushable_pullable:3,pedestrian:3,trailer:3,bicycle:2,construction_vehicle:2,motorcycle:1",D:\NUSCENES\Trainval\nuScenes_Trainval06_blobs_camera\samples\CAM_FRONT_LEFT\n008-2018-09-18-14-43-59-0400__CAM_FRONT_LEFT__1537296504254799.jpg,CAM_FRONT_LEFT,False,False,15,7,0.38609012961387634,ok,,,ok,False,False,pure_clip_rank=7,,
M008,白天放晴，卡车在路障旁,中文,three_plus,D:\nuScenes\Trainval\nuScenes_Trainval06_blobs_camera\samples\CAM_FRONT_LEFT\n008-2018-08-31-11-37-23-0400__CAM_FRONT_LEFT__1535730498404799.jpg,30a1a4ccd60047b4a22ee3bf0645f3ad,12,16e50a63b809463099cb4c378fe0641e,scene-0552,"Bendy bus, school bus, parking lot, turn left, parked bus, overtake truck",clear,day,boston-seaport,intersection,41,"car:46,bus:5,pedestrian:4,traffic_cone:2,trailer:2,truck:2,construction_vehicle:1",D:\NUSCENES\Trainval\nuScenes_Trainval06_blobs_camera\samples\CAM_FRONT_LEFT\n008-2018-08-28-16-43-51-0400__CAM_FRONT_LEFT__1535489136004799.jpg,CAM_FRONT_LEFT,False,False,15,8,0.3857670724391937,ok,,,ok,False,False,pure_clip_rank=8,,
M008,白天放晴，卡车在路障旁,中文,three_plus,D:\nuScenes\Trainval\nuScenes_Trainval06_blobs_camera\samples\CAM_FRONT_LEFT\n008-2018-08-31-11-37-23-0400__CAM_FRONT_LEFT__1535730498404799.jpg,30a1a4ccd60047b4a22ee3bf0645f3ad,13,bd22f197e9f648cba8e307869479629b,scene-0600,"Rain, parked busses, parking lot",rainy,day,boston-seaport,parking_lot,41,"barrier:43,car:18,truck:16,bus:6,trailer:3,pedestrian:2,bicycle:1,traffic_cone:1",D:\NUSCENES\Trainval\nuScenes_Trainval06_blobs_camera\samples\CAM_FRONT_LEFT\n008-2018-09-18-13-41-50-0400__CAM_FRONT_LEFT__1537293316254799.jpg,CAM_FRONT_LEFT,False,False,15,9,0.38522061705589294,ok,,,ok,False,False,pure_clip_rank=9,,
M009,白天下雨行人在路旁，还有自行车停靠,中文,three_plus,D:\nuScenes\Trainval\nuScenes_Trainval06_blobs_camera\samples\CAM_BACK_LEFT\n008-2018-09-18-13-41-50-0400__CAM_BACK_LEFT__1537293235947405.jpg,b829278aae2747959f2a95423455bbcb,1,b829278aae2747959f2a95423455bbcb,scene-0597,"Rain, parked cars, peds and children, parked truck",rainy,day,boston-seaport,urban,40,"car:75,pedestrian:11,truck:7,traffic_cone:5,bicycle:3,bus:3,movable_object_pushable_pullable:2,motorcycle:1,trailer:1",D:\NUSCENES\Trainval\nuScenes_Trainval06_blobs_camera\samples\CAM_BACK_LEFT\n008-2018-09-18-13-41-50-0400__CAM_BACK_LEFT__1537293216297405.jpg,CAM_BACK_LEFT,True,True,13,,,ok,10,0.3909866213798523,ok,False,True,seed_scene; strict_kg_pool; kg_clip_rank=10; matches_structured_conditions,,
M009,白天下雨行人在路旁，还有自行车停靠,中文,three_plus,D:\nuScenes\Trainval\nuScenes_Trainval06_blobs_camera\samples\CAM_BACK_LEFT\n008-2018-09-18-13-41-50-0400__CAM_BACK_LEFT__1537293235947405.jpg,b829278aae2747959f2a95423455bbcb,2,b7bb8ec5bf22476f8ba8ca0b2e57e8f6,scene-0649,"Rain, parked scooter, parked bicycle, wait at intersection",rainy,day,boston-seaport,intersection,41,"car:4,pedestrian:3,bicycle:2,bus:1,motorcycle:1,static_object_bicycle_rack:1,traffic_cone:1,truck:1",D:\NUSCENES\Trainval\nuScenes_Trainval06_blobs_camera\samples\CAM_BACK_LEFT\n008-2018-09-18-14-43-59-0400__CAM_BACK_LEFT__1537296524297405.jpg,CAM_BACK_LEFT,False,True,13,2,0.4095122218132019,ok,1,0.4095122218132019,ok,True,True,strict_kg_pool; pure_clip_rank=2; kg_clip_rank=1; appears_in_both_rankings; matches_structured_conditions,,
M009,白天下雨行人在路旁，还有自行车停靠,中文,three_plus,D:\nuScenes\Trainval\nuScenes_Trainval06_blobs_camera\samples\CAM_BACK_LEFT\n008-2018-09-18-13-41-50-0400__CAM_BACK_LEFT__1537293235947405.jpg,b829278aae2747959f2a95423455bbcb,3,98fc76cc0e364efdaa7e86a36b666dda,scene-0643,"Rain, parked cars, bicycle rack, parked bicycle, person loading car, reflections, construction sign",rainy,day,boston-seaport,urban,41,"car:53,traffic_cone:13,pedestrian:9,bicycle:3,movable_object_pushable_pullable:3,static_object_bicycle_rack:2,barrier:1,trailer:1,truck:1",D:\NUSCENES\Trainval\nuScenes_Trainval06_blobs_camera\samples\CAM_BACK_LEFT\n008-2018-09-18-14-43-59-0400__CAM_BACK_LEFT__1537296404297405.jpg,CAM_BACK_LEFT,False,True,13,3,0.40752309560775757,ok,2,0.40752309560775757,ok,True,True,strict_kg_pool; pure_clip_rank=3; kg_clip_rank=2; appears_in_both_rankings; matches_structured_conditions,,
M009,白天下雨行人在路旁，还有自行车停靠,中文,three_plus,D:\nuScenes\Trainval\nuScenes_Trainval06_blobs_camera\samples\CAM_BACK_LEFT\n008-2018-09-18-13-41-50-0400__CAM_BACK_LEFT__1537293235947405.jpg,b829278aae2747959f2a95423455bbcb,4,3045ed93c2534ec2a5cabea89b186bd9,scene-0637,"Rain, parked cars, peds, jaywalker, water reflections, parked bicycle, ped with umbrella, cross intersection",rainy,day,boston-seaport,intersection,40,"car:64,truck:10,pedestrian:8,barrier:6,traffic_cone:4,bicycle:3,movable_object_debris:2,trailer:1",D:\NUSCENES\Trainval\nuScenes_Trainval06_blobs_camera\samples\CAM_BACK_LEFT\n008-2018-09-18-14-35-12-0400__CAM_BACK_LEFT__1537296175897405.jpg,CAM_BACK_LEFT,False,True,13,4,0.407110333442688,ok,3,0.407110333442688,ok,True,True,strict_kg_pool; pure_clip_rank=4; kg_clip_rank=3; appears_in_both_rankings; matches_structured_conditions,,
M009,白天下雨行人在路旁，还有自行车停靠,中文,three_plus,D:\nuScenes\Trainval\nuScenes_Trainval06_blobs_camera\samples\CAM_BACK_LEFT\n008-2018-09-18-13-41-50-0400__CAM_BACK_LEFT__1537293235947405.jpg,b829278aae2747959f2a95423455bbcb,5,0ac05652a4c44374998be876ba5cd6fd,scene-0625,"Rain, peds, construction",rainy,day,boston-seaport,urban,40,"car:32,pedestrian:6,barrier:5,truck:3,bicycle:1,traffic_cone:1",D:\NUSCENES\Trainval\nuScenes_Trainval06_blobs_camera\samples\CAM_BACK_LEFT\n008-2018-09-18-14-35-12-0400__CAM_BACK_LEFT__1537295813897405.jpg,CAM_BACK_LEFT,False,True,13,5,0.40588533878326416,ok,4,0.40588533878326416,ok,True,True,strict_kg_pool; pure_clip_rank=5; kg_clip_rank=4; appears_in_both_rankings; matches_structured_conditions,,
M009,白天下雨行人在路旁，还有自行车停靠,中文,three_plus,D:\nuScenes\Trainval\nuScenes_Trainval06_blobs_camera\samples\CAM_BACK_LEFT\n008-2018-09-18-13-41-50-0400__CAM_BACK_LEFT__1537293235947405.jpg,b829278aae2747959f2a95423455bbcb,6,45fc8a7a26c5469a88db999ae8468777,scene-0582,"Rain, parked cars, turn right, peds, wet road",rainy,day,boston-seaport,urban,40,"car:58,pedestrian:7,barrier:3,truck:2,bicycle:1,traffic_cone:1",D:\NUSCENES\Trainval\nuScenes_Trainval06_blobs_camera\samples\CAM_BACK_LEFT\n008-2018-09-18-13-10-39-0400__CAM_BACK_LEFT__1537291123397405.jpg,CAM_BACK_LEFT,False,True,13,6,0.40512681007385254,ok,5,0.40512681007385254,ok,True,True,strict_kg_pool; pure_clip_rank=6; kg_clip_rank=5; appears_in_both_rankings; matches_structured_conditions,,
M009,白天下雨行人在路旁，还有自行车停靠,中文,three_plus,D:\nuScenes\Trainval\nuScenes_Trainval06_blobs_camera\samples\CAM_BACK_LEFT\n008-2018-09-18-13-41-50-0400__CAM_BACK_LEFT__1537293235947405.jpg,b829278aae2747959f2a95423455bbcb,7,a6fae4900f8e46cba689b59b5bc8a2ab,scene-0648,"Rain, cross intersection, reflections, bicycle rack, bus",rainy,day,boston-seaport,intersection,40,"truck:22,barrier:20,car:19,bus:3,movable_object_pushable_pullable:3,pedestrian:3,trailer:3,bicycle:2,construction_vehicle:2,motorcycle:1",D:\NUSCENES\Trainval\nuScenes_Trainval06_blobs_camera\samples\CAM_BACK_LEFT\n008-2018-09-18-14-43-59-0400__CAM_BACK_LEFT__1537296504297405.jpg,CAM_BACK_LEFT,False,True,13,8,0.404269814491272,ok,6,0.404269814491272,ok,True,True,strict_kg_pool; pure_clip_rank=8; kg_clip_rank=6; appears_in_both_rankings; matches_structured_conditions,,
M009,白天下雨行人在路旁，还有自行车停靠,中文,three_plus,D:\nuScenes\Trainval\nuScenes_Trainval06_blobs_camera\samples\CAM_BACK_LEFT\n008-2018-09-18-13-41-50-0400__CAM_BACK_LEFT__1537293235947405.jpg,b829278aae2747959f2a95423455bbcb,8,64eef73c4f564a3db415e965f6460012,scene-0586,"Rain, construction, parked car, close to intersection",rainy,day,boston-seaport,intersection,41,"barrier:100,traffic_cone:33,car:23,truck:15,construction_vehicle:8,pedestrian:8,trailer:2,bicycle:1",D:\NUSCENES\Trainval\nuScenes_Trainval06_blobs_camera\samples\CAM_BACK_LEFT\n008-2018-09-18-13-41-50-0400__CAM_BACK_LEFT__1537292691297405.jpg,CAM_BACK_LEFT,False,True,13,,,ok,7,0.39640986919403076,ok,False,True,strict_kg_pool; kg_clip_rank=7; matches_structured_conditions,,
M009,白天下雨行人在路旁，还有自行车停靠,中文,three_plus,D:\nuScenes\Trainval\nuScenes_Trainval06_blobs_camera\samples\CAM_BACK_LEFT\n008-2018-09-18-13-41-50-0400__CAM_BACK_LEFT__1537293235947405.jpg,b829278aae2747959f2a95423455bbcb,9,4772f5283211444eaabd463cd341d360,scene-0642,"Rain, parked cars, parked bicycle",rainy,day,boston-seaport,urban,41,"car:40,bicycle:3,pedestrian:2,truck:2,bus:1,static_object_bicycle_rack:1",D:\NUSCENES\Trainval\nuScenes_Trainval06_blobs_camera\samples\CAM_BACK_LEFT\n008-2018-09-18-14-43-59-0400__CAM_BACK_LEFT__1537296384297405.jpg,CAM_BACK_LEFT,False,True,13,,,ok,8,0.3962894678115845,ok,False,True,strict_kg_pool; kg_clip_rank=8; matches_structured_conditions,,
M009,白天下雨行人在路旁，还有自行车停靠,中文,three_plus,D:\nuScenes\Trainval\nuScenes_Trainval06_blobs_camera\samples\CAM_BACK_LEFT\n008-2018-09-18-13-41-50-0400__CAM_BACK_LEFT__1537293235947405.jpg,b829278aae2747959f2a95423455bbcb,10,f5b29a1e09d04355adcd60ab72de006b,scene-0638,"Rain, turn left, water reflections, jaywalker, parked cars",rainy,day,boston-seaport,intersection,41,"car:47,truck:12,pedestrian:5,traffic_cone:2,bicycle:1,trailer:1,vehicle_emergency_ambulance:1",D:\NUSCENES\Trainval\nuScenes_Trainval06_blobs_camera\samples\CAM_BACK_LEFT\n008-2018-09-18-14-35-12-0400__CAM_BACK_LEFT__1537296195897405.jpg,CAM_BACK_LEFT,False,True,13,,,ok,9,0.3911811113357544,ok,False,True,strict_kg_pool; kg_clip_rank=9; matches_structured_conditions,,
M009,白天下雨行人在路旁，还有自行车停靠,中文,three_plus,D:\nuScenes\Trainval\nuScenes_Trainval06_blobs_camera\samples\CAM_BACK_LEFT\n008-2018-09-18-13-41-50-0400__CAM_BACK_LEFT__1537293235947405.jpg,b829278aae2747959f2a95423455bbcb,11,19d97841d6f64eba9f6eb9b6e8c257dc,scene-0636,"Rain, turn right, parked trucks",rainy,day,boston-seaport,urban,40,"car:21,trailer:11,truck:10,barrier:2,construction_vehicle:1,pedestrian:1",D:\NUSCENES\Trainval\nuScenes_Trainval06_blobs_camera\samples\CAM_BACK_LEFT\n008-2018-09-18-14-35-12-0400__CAM_BACK_LEFT__1537296115947405.jpg,CAM_BACK_LEFT,False,False,13,1,0.4149250090122223,ok,,,ok,False,False,pure_clip_rank=1,,
M009,白天下雨行人在路旁，还有自行车停靠,中文,three_plus,D:\nuScenes\Trainval\nuScenes_Trainval06_blobs_camera\samples\CAM_BACK_LEFT\n008-2018-09-18-13-41-50-0400__CAM_BACK_LEFT__1537293235947405.jpg,b829278aae2747959f2a95423455bbcb,12,482edf83eb664fdf90204c1830abe648,scene-0577,"Rain, turn right, bicycle rack, cross intersection, parking lot",rainy,day,boston-seaport,intersection,41,"truck:12,car:10,movable_object_pushable_pullable:3,bus:2,static_object_bicycle_rack:2,barrier:1,pedestrian:1",D:\NUSCENES\Trainval\nuScenes_Trainval06_blobs_camera\samples\CAM_BACK_LEFT\n008-2018-09-18-13-10-39-0400__CAM_BACK_LEFT__1537290941297405.jpg,CAM_BACK_LEFT,False,False,13,7,0.4050557613372803,ok,,,ok,False,False,pure_clip_rank=7,,
M009,白天下雨行人在路旁，还有自行车停靠,中文,three_plus,D:\nuScenes\Trainval\nuScenes_Trainval06_blobs_camera\samples\CAM_BACK_LEFT\n008-2018-09-18-13-41-50-0400__CAM_BACK_LEFT__1537293235947405.jpg,b829278aae2747959f2a95423455bbcb,13,6946bd49ebe648b7a8c4555774059bc8,scene-0576,"Rain, construction, ped on road, turn right",rainy,day,boston-seaport,urban,40,"car:30,barrier:15,traffic_cone:13,pedestrian:8,truck:4,construction_vehicle:1",D:\NUSCENES\Trainval\nuScenes_Trainval06_blobs_camera\samples\CAM_BACK_LEFT\n008-2018-09-18-13-10-39-0400__CAM_BACK_LEFT__1537290901397405.jpg,CAM_BACK_LEFT,False,False,13,9,0.4029061496257782,ok,,,ok,False,False,pure_clip_rank=9,,
M009,白天下雨行人在路旁，还有自行车停靠,中文,three_plus,D:\nuScenes\Trainval\nuScenes_Trainval06_blobs_camera\samples\CAM_BACK_LEFT\n008-2018-09-18-13-41-50-0400__CAM_BACK_LEFT__1537293235947405.jpg,b829278aae2747959f2a95423455bbcb,14,73b16c26a0d24c7a841e4cbe5d0d7878,scene-0580,"Rain, long street, parked car",rainy,day,boston-seaport,street,41,"car:40,truck:18,construction_vehicle:7,trailer:1",D:\NUSCENES\Trainval\nuScenes_Trainval06_blobs_camera\samples\CAM_BACK_LEFT\n008-2018-09-18-13-10-39-0400__CAM_BACK_LEFT__1537291061297405.jpg,CAM_BACK_LEFT,False,False,13,10,0.40006187558174133,ok,,,ok,False,False,pure_clip_rank=10,,
M010,晴天白昼，行人、自行车和摩托车,中文,three_plus,D:\nuScenes\Trainval\nuScenes_Trainval06_blobs_camera\samples\CAM_BACK_RIGHT\n008-2018-08-30-15-52-26-0400__CAM_BACK_RIGHT__1535659332628113.jpg,2f0e54af35964a3fb347359836bec035,1,2f0e54af35964a3fb347359836bec035,scene-0539,"Jaywalkers, bicycle racks, bus, parked scooters, parked bicycles, many peds, cross intersection",clear,day,boston-seaport,intersection,41,"pedestrian:49,car:26,truck:10,movable_object_pushable_pullable:6,static_object_bicycle_rack:2,bus:1,motorcycle:1",D:\NUSCENES\Trainval\nuScenes_Trainval06_blobs_camera\samples\CAM_BACK_RIGHT\n008-2018-08-30-15-52-26-0400__CAM_BACK_RIGHT__1535659327028113.jpg,CAM_BACK_RIGHT,True,False,3,5,0.35237935185432434,ok,,,ok,False,False,seed_scene; pure_clip_rank=5,,
M010,晴天白昼，行人、自行车和摩托车,中文,three_plus,D:\nuScenes\Trainval\nuScenes_Trainval06_blobs_camera\samples\CAM_BACK_RIGHT\n008-2018-08-30-15-52-26-0400__CAM_BACK_RIGHT__1535659332628113.jpg,2f0e54af35964a3fb347359836bec035,2,ed242d80ccb34b139aaf9ab89859332e,scene-0561,"Wait at intersection, turning left, cars turning together, parking lot",clear,day,boston-seaport,intersection,40,"car:35,pedestrian:12,truck:6,bus:2,trailer:2,bicycle:1,construction_vehicle:1,motorcycle:1,traffic_cone:1",D:\NUSCENES\Trainval\nuScenes_Trainval06_blobs_camera\samples\CAM_BACK_RIGHT\n008-2018-08-31-11-37-23-0400__CAM_BACK_RIGHT__1535730460878113.jpg,CAM_BACK_RIGHT,False,True,3,6,0.3520631194114685,ok,1,0.3520631194114685,ok,True,True,strict_kg_pool; pure_clip_rank=6; kg_clip_rank=1; appears_in_both_rankings; matches_structured_conditions,,
M010,晴天白昼，行人、自行车和摩托车,中文,three_plus,D:\nuScenes\Trainval\nuScenes_Trainval06_blobs_camera\samples\CAM_BACK_RIGHT\n008-2018-08-30-15-52-26-0400__CAM_BACK_RIGHT__1535659332628113.jpg,2f0e54af35964a3fb347359836bec035,3,5890face846e47a899246159b7c30bd7,scene-0538,"Ton of pedestrians in park, parking lot, parked motorcycles, parked bicycles, jaywalkers",clear,day,boston-seaport,parking_lot,41,"pedestrian:48,car:42,trailer:9,truck:9,motorcycle:4,movable_object_pushable_pullable:2,static_object_bicycle_rack:2,bicycle:1,bus:1",D:\NUSCENES\Trainval\nuScenes_Trainval06_blobs_camera\samples\CAM_BACK_RIGHT\n008-2018-08-30-15-52-26-0400__CAM_BACK_RIGHT__1535659307028113.jpg,CAM_BACK_RIGHT,False,True,3,9,0.3490850329399109,ok,2,0.3490850329399109,ok,True,True,strict_kg_pool; pure_clip_rank=9; kg_clip_rank=2; appears_in_both_rankings; matches_structured_conditions,,
M010,晴天白昼，行人、自行车和摩托车,中文,three_plus,D:\nuScenes\Trainval\nuScenes_Trainval06_blobs_camera\samples\CAM_BACK_RIGHT\n008-2018-08-30-15-52-26-0400__CAM_BACK_RIGHT__1535659332628113.jpg,2f0e54af35964a3fb347359836bec035,4,08110c8640454affb5167801442a85fd,scene-0653,"Parked cars, jaywalkers, parked truck",clear,day,boston-seaport,urban,41,"car:52,truck:17,traffic_cone:15,trailer:11,pedestrian:5,barrier:3,motorcycle:3,bicycle:2,bus:1",D:\NUSCENES\Trainval\nuScenes_Trainval06_blobs_camera\samples\CAM_BACK_RIGHT\n008-2018-08-27-11-48-51-0400__CAM_BACK_RIGHT__1535385032128113.jpg,CAM_BACK_RIGHT,False,True,3,,,ok,3,0.34801799058914185,ok,False,True,strict_kg_pool; kg_clip_rank=3; matches_structured_conditions,,
M010,晴天白昼，行人、自行车和摩托车,中文,three_plus,D:\nuScenes\Trainval\nuScenes_Trainval06_blobs_camera\samples\CAM_BACK_RIGHT\n008-2018-08-30-15-52-26-0400__CAM_BACK_RIGHT__1535659332628113.jpg,2f0e54af35964a3fb347359836bec035,5,6f83169d067343658251f72e1dd17dbc,scene-0553,"Wait at intersection, bicycle, large truck, peds crossing crosswalk, ped with stroller",clear,day,boston-seaport,intersection,41,"car:22,barrier:16,pedestrian:12,bus:2,truck:2,bicycle:1,movable_object_pushable_pullable:1,trailer:1",D:\NUSCENES\Trainval\nuScenes_Trainval06_blobs_camera\samples\CAM_BACK_RIGHT\n008-2018-08-28-16-43-51-0400__CAM_BACK_RIGHT__1535489296028113.jpg,CAM_BACK_RIGHT,False,False,3,1,0.37826278805732727,ok,,,ok,False,False,pure_clip_rank=1,,
M010,晴天白昼，行人、自行车和摩托车,中文,three_plus,D:\nuScenes\Trainval\nuScenes_Trainval06_blobs_camera\samples\CAM_BACK_RIGHT\n008-2018-08-30-15-52-26-0400__CAM_BACK_RIGHT__1535659332628113.jpg,2f0e54af35964a3fb347359836bec035,6,f2541977a00a448db9b46a32187d9059,scene-0554,"Wait at intersection, ped crossing, ped with stroller, cyclist, barriers",clear,day,boston-seaport,intersection,41,"barrier:23,car:13,pedestrian:13,traffic_cone:2,bicycle:1,movable_object_pushable_pullable:1,trailer:1,truck:1",D:\NUSCENES\Trainval\nuScenes_Trainval06_blobs_camera\samples\CAM_BACK_RIGHT\n008-2018-08-28-16-43-51-0400__CAM_BACK_RIGHT__1535489316028113.jpg,CAM_BACK_RIGHT,False,False,3,2,0.37186217308044434,ok,,,ok,False,False,pure_clip_rank=2,,
M010,晴天白昼，行人、自行车和摩托车,中文,three_plus,D:\nuScenes\Trainval\nuScenes_Trainval06_blobs_camera\samples\CAM_BACK_RIGHT\n008-2018-08-30-15-52-26-0400__CAM_BACK_RIGHT__1535659332628113.jpg,2f0e54af35964a3fb347359836bec035,7,3034b3f33e1d49f4a7b6c84bdea57004,scene-0537,"Construction zones, construction vehicle, pedestrian, oncoming vehicles",clear,day,boston-seaport,urban,41,"car:40,barrier:15,pedestrian:9,truck:8,construction_vehicle:7,traffic_cone:3,movable_object_pushable_pullable:2,movable_object_debris:1",D:\NUSCENES\Trainval\nuScenes_Trainval06_blobs_camera\samples\CAM_BACK_RIGHT\n008-2018-08-30-15-52-26-0400__CAM_BACK_RIGHT__1535659287028113.jpg,CAM_BACK_RIGHT,False,False,3,3,0.35750895738601685,ok,,,ok,False,False,pure_clip_rank=3,,
M010,晴天白昼，行人、自行车和摩托车,中文,three_plus,D:\nuScenes\Trainval\nuScenes_Trainval06_blobs_camera\samples\CAM_BACK_RIGHT\n008-2018-08-30-15-52-26-0400__CAM_BACK_RIGHT__1535659332628113.jpg,2f0e54af35964a3fb347359836bec035,8,bebf5f5b2a674631ab5c88fd1aa9e87a,scene-0655,"Parking lot, parked cars, jaywalker, bendy bus, gardening vehicles",clear,day,boston-seaport,parking_lot,41,"car:95,traffic_cone:23,truck:10,pedestrian:7,bus:2,construction_vehicle:2,trailer:1",D:\NUSCENES\Trainval\nuScenes_Trainval06_blobs_camera\samples\CAM_BACK_RIGHT\n008-2018-08-27-11-48-51-0400__CAM_BACK_RIGHT__1535385092128113.jpg,CAM_BACK_RIGHT,False,False,3,4,0.35319784283638,ok,,,ok,False,False,pure_clip_rank=4,,
M010,晴天白昼，行人、自行车和摩托车,中文,three_plus,D:\nuScenes\Trainval\nuScenes_Trainval06_blobs_camera\samples\CAM_BACK_RIGHT\n008-2018-08-30-15-52-26-0400__CAM_BACK_RIGHT__1535659332628113.jpg,2f0e54af35964a3fb347359836bec035,9,54f56f80350b4c07af598ee87cf3886a,scene-0565,"Turning right, pedestrian with suitcase, pedestrian, construction zone, parked car",clear,day,boston-seaport,urban,40,"car:22,traffic_cone:22,pedestrian:20,barrier:16,truck:9,trailer:5,movable_object_pushable_pullable:3,bus:1,construction_vehicle:1",D:\NUSCENES\Trainval\nuScenes_Trainval06_blobs_camera\samples\CAM_BACK_RIGHT\n008-2018-08-31-11-37-23-0400__CAM_BACK_RIGHT__1535730654878113.jpg,CAM_BACK_RIGHT,False,False,3,7,0.35147804021835327,ok,,,ok,False,False,pure_clip_rank=7,,
M010,晴天白昼，行人、自行车和摩托车,中文,three_plus,D:\nuScenes\Trainval\nuScenes_Trainval06_blobs_camera\samples\CAM_BACK_RIGHT\n008-2018-08-30-15-52-26-0400__CAM_BACK_RIGHT__1535659332628113.jpg,2f0e54af35964a3fb347359836bec035,10,f7d01e23508040c2aec430e8da13fb76,scene-0545,"Pedestrian, parked cars, parked bicycles",clear,day,boston-seaport,urban,41,"car:47,pedestrian:23,truck:4,bicycle:3,movable_object_pushable_pullable:3,static_object_bicycle_rack:2",D:\NUSCENES\Trainval\nuScenes_Trainval06_blobs_camera\samples\CAM_BACK_RIGHT\n008-2018-08-30-15-52-26-0400__CAM_BACK_RIGHT__1535659547028113.jpg,CAM_BACK_RIGHT,False,False,3,8,0.34995925426483154,ok,,,ok,False,False,pure_clip_rank=8,,
M010,晴天白昼，行人、自行车和摩托车,中文,three_plus,D:\nuScenes\Trainval\nuScenes_Trainval06_blobs_camera\samples\CAM_BACK_RIGHT\n008-2018-08-30-15-52-26-0400__CAM_BACK_RIGHT__1535659332628113.jpg,2f0e54af35964a3fb347359836bec035,11,b94fbf78579f4ff5ab5dbd897d5e3199,scene-0556,"Turn left, oncoming vehicle, pedestrian, parked truck, passengers exiting car",clear,day,boston-seaport,intersection,40,"car:39,pedestrian:9,truck:3,bus:1",D:\NUSCENES\Trainval\nuScenes_Trainval06_blobs_camera\samples\CAM_BACK_RIGHT\n008-2018-08-31-11-37-23-0400__CAM_BACK_RIGHT__1535729899928113.jpg,CAM_BACK_RIGHT,False,False,3,10,0.3483433425426483,ok,,,ok,False,False,pure_clip_rank=10,,
M011,路口有卡车,中文,two_condition,D:\nuScenes\Trainval\nuScenes_Trainval06_blobs_camera\samples\CAM_BACK\n008-2018-09-18-13-41-50-0400__CAM_BACK__1537293235437558.jpg,b829278aae2747959f2a95423455bbcb,1,b829278aae2747959f2a95423455bbcb,scene-0597,"Rain, parked cars, peds and children, parked truck",rainy,day,boston-seaport,urban,40,"car:75,pedestrian:11,truck:7,traffic_cone:5,bicycle:3,bus:3,movable_object_pushable_pullable:2,motorcycle:1,trailer:1",D:\NUSCENES\Trainval\nuScenes_Trainval06_blobs_camera\samples\CAM_BACK\n008-2018-09-18-13-41-50-0400__CAM_BACK__1537293216287558.jpg,CAM_BACK,True,False,55,,,ok,,,ok,False,False,seed_scene,,
M011,路口有卡车,中文,two_condition,D:\nuScenes\Trainval\nuScenes_Trainval06_blobs_camera\samples\CAM_BACK\n008-2018-09-18-13-41-50-0400__CAM_BACK__1537293235437558.jpg,b829278aae2747959f2a95423455bbcb,2,9c5dc664216e43a99d5da3f23d373e4d,scene-0592,"Rain, wait at intersection, turn left, huge truck, scooter",rainy,day,boston-seaport,intersection,41,"car:35,barrier:19,traffic_cone:15,pedestrian:8,truck:6,bicycle:2,bus:2,trailer:2,motorcycle:1",D:\NUSCENES\Trainval\nuScenes_Trainval06_blobs_camera\samples\CAM_BACK\n008-2018-09-18-13-41-50-0400__CAM_BACK__1537292871287558.jpg,CAM_BACK,False,True,55,1,0.32910460233688354,ok,1,0.32910460233688354,ok,True,True,strict_kg_pool; pure_clip_rank=1; kg_clip_rank=1; appears_in_both_rankings; matches_structured_conditions,,
M011,路口有卡车,中文,two_condition,D:\nuScenes\Trainval\nuScenes_Trainval06_blobs_camera\samples\CAM_BACK\n008-2018-09-18-13-41-50-0400__CAM_BACK__1537293235437558.jpg,b829278aae2747959f2a95423455bbcb,3,16e50a63b809463099cb4c378fe0641e,scene-0552,"Bendy bus, school bus, parking lot, turn left, parked bus, overtake truck",clear,day,boston-seaport,intersection,41,"car:46,bus:5,pedestrian:4,traffic_cone:2,trailer:2,truck:2,construction_vehicle:1",D:\NUSCENES\Trainval\nuScenes_Trainval06_blobs_camera\samples\CAM_BACK\n008-2018-08-28-16-43-51-0400__CAM_BACK__1535489136037558.jpg,CAM_BACK,False,True,55,2,0.32817620038986206,ok,2,0.32817620038986206,ok,True,True,strict_kg_pool; pure_clip_rank=2; kg_clip_rank=2; appears_in_both_rankings; matches_structured_conditions,,
M011,路口有卡车,中文,two_condition,D:\nuScenes\Trainval\nuScenes_Trainval06_blobs_camera\samples\CAM_BACK\n008-2018-09-18-13-41-50-0400__CAM_BACK__1537293235437558.jpg,b829278aae2747959f2a95423455bbcb,4,0b8948ee96ac46faad405bf1ffc70bb1,scene-0570,"Rain, wait at intersection, turn right, bus, truck, many parked trucks",rainy,day,boston-seaport,intersection,40,"truck:39,car:30,trailer:6,pedestrian:2,traffic_cone:2,construction_vehicle:1",D:\NUSCENES\Trainval\nuScenes_Trainval06_blobs_camera\samples\CAM_BACK\n008-2018-09-18-13-10-39-0400__CAM_BACK__1537290776387558.jpg,CAM_BACK,False,True,55,5,0.32439568638801575,ok,3,0.32439568638801575,ok,True,True,strict_kg_pool; pure_clip_rank=5; kg_clip_rank=3; appears_in_both_rankings; matches_structured_conditions,,
M011,路口有卡车,中文,two_condition,D:\nuScenes\Trainval\nuScenes_Trainval06_blobs_camera\samples\CAM_BACK\n008-2018-09-18-13-41-50-0400__CAM_BACK__1537293235437558.jpg,b829278aae2747959f2a95423455bbcb,5,a59b6db922ff490da5ccfc9980700935,scene-0593,"Rain, wait at intersection, peds crossing",rainy,day,boston-seaport,intersection,40,"car:23,pedestrian:5,truck:5,barrier:1,movable_object_pushable_pullable:1,traffic_cone:1,trailer:1",D:\NUSCENES\Trainval\nuScenes_Trainval06_blobs_camera\samples\CAM_BACK\n008-2018-09-18-13-41-50-0400__CAM_BACK__1537292923387558.jpg,CAM_BACK,False,True,55,6,0.3230664134025574,ok,4,0.3230664134025574,ok,True,True,strict_kg_pool; pure_clip_rank=6; kg_clip_rank=4; appears_in_both_rankings; matches_structured_conditions,,
M011,路口有卡车,中文,two_condition,D:\nuScenes\Trainval\nuScenes_Trainval06_blobs_camera\samples\CAM_BACK\n008-2018-09-18-13-41-50-0400__CAM_BACK__1537293235437558.jpg,b829278aae2747959f2a95423455bbcb,6,3045ed93c2534ec2a5cabea89b186bd9,scene-0637,"Rain, parked cars, peds, jaywalker, water reflections, parked bicycle, ped with umbrella, cross intersection",rainy,day,boston-seaport,intersection,40,"car:64,truck:10,pedestrian:8,barrier:6,traffic_cone:4,bicycle:3,movable_object_debris:2,trailer:1",D:\NUSCENES\Trainval\nuScenes_Trainval06_blobs_camera\samples\CAM_BACK\n008-2018-09-18-14-35-12-0400__CAM_BACK__1537296175887558.jpg,CAM_BACK,False,True,55,7,0.32281380891799927,ok,5,0.32281380891799927,ok,True,True,strict_kg_pool; pure_clip_rank=7; kg_clip_rank=5; appears_in_both_rankings; matches_structured_conditions,,
M011,路口有卡车,中文,two_condition,D:\nuScenes\Trainval\nuScenes_Trainval06_blobs_camera\samples\CAM_BACK\n008-2018-09-18-13-41-50-0400__CAM_BACK__1537293235437558.jpg,b829278aae2747959f2a95423455bbcb,7,e02aee6f1fec4d13ad77044466da5fb4,scene-0641,"Rain, cross intersection, parked cars, change lane, arrive at intersection",rainy,day,boston-seaport,intersection,40,"car:32,barrier:15,pedestrian:8,truck:5,traffic_cone:4,construction_vehicle:3,bus:2,trailer:1",D:\NUSCENES\Trainval\nuScenes_Trainval06_blobs_camera\samples\CAM_BACK\n008-2018-09-18-14-43-59-0400__CAM_BACK__1537296364287567.jpg,CAM_BACK,False,True,55,10,0.32107436656951904,ok,6,0.32107436656951904,ok,True,True,strict_kg_pool; pure_clip_rank=10; kg_clip_rank=6; appears_in_both_rankings; matches_structured_conditions,,
M011,路口有卡车,中文,two_condition,D:\nuScenes\Trainval\nuScenes_Trainval06_blobs_camera\samples\CAM_BACK\n008-2018-09-18-13-41-50-0400__CAM_BACK__1537293235437558.jpg,b829278aae2747959f2a95423455bbcb,8,b7bb8ec5bf22476f8ba8ca0b2e57e8f6,scene-0649,"Rain, parked scooter, parked bicycle, wait at intersection",rainy,day,boston-seaport,intersection,41,"car:4,pedestrian:3,bicycle:2,bus:1,motorcycle:1,static_object_bicycle_rack:1,traffic_cone:1,truck:1",D:\NUSCENES\Trainval\nuScenes_Trainval06_blobs_camera\samples\CAM_BACK\n008-2018-09-18-14-43-59-0400__CAM_BACK__1537296524287558.jpg,CAM_BACK,False,True,55,,,ok,7,0.3195551037788391,ok,False,True,strict_kg_pool; kg_clip_rank=7; matches_structured_conditions,,
M011,路口有卡车,中文,two_condition,D:\nuScenes\Trainval\nuScenes_Trainval06_blobs_camera\samples\CAM_BACK\n008-2018-09-18-13-41-50-0400__CAM_BACK__1537293235437558.jpg,b829278aae2747959f2a95423455bbcb,9,3363f396bb43405fbdd17d65dc123d4e,scene-0555,"Cross intersection, construction, big truck",clear,day,boston-seaport,intersection,40,"barrier:43,car:28,pedestrian:20,traffic_cone:12,construction_vehicle:1,trailer:1,truck:1",D:\NUSCENES\Trainval\nuScenes_Trainval06_blobs_camera\samples\CAM_BACK\n008-2018-08-28-16-43-51-0400__CAM_BACK__1535489336037560.jpg,CAM_BACK,False,True,55,,,ok,8,0.3145514130592346,ok,False,True,strict_kg_pool; kg_clip_rank=8; matches_structured_conditions,,
M011,路口有卡车,中文,two_condition,D:\nuScenes\Trainval\nuScenes_Trainval06_blobs_camera\samples\CAM_BACK\n008-2018-09-18-13-41-50-0400__CAM_BACK__1537293235437558.jpg,b829278aae2747959f2a95423455bbcb,10,f5b29a1e09d04355adcd60ab72de006b,scene-0638,"Rain, turn left, water reflections, jaywalker, parked cars",rainy,day,boston-seaport,intersection,41,"car:47,truck:12,pedestrian:5,traffic_cone:2,bicycle:1,trailer:1,vehicle_emergency_ambulance:1",D:\NUSCENES\Trainval\nuScenes_Trainval06_blobs_camera\samples\CAM_BACK\n008-2018-09-18-14-35-12-0400__CAM_BACK__1537296195887558.jpg,CAM_BACK,False,True,55,,,ok,9,0.31381192803382874,ok,False,True,strict_kg_pool; kg_clip_rank=9; matches_structured_conditions,,
M011,路口有卡车,中文,two_condition,D:\nuScenes\Trainval\nuScenes_Trainval06_blobs_camera\samples\CAM_BACK\n008-2018-09-18-13-41-50-0400__CAM_BACK__1537293235437558.jpg,b829278aae2747959f2a95423455bbcb,11,66134aebdaca4aca82aec91ec8c6245e,scene-0639,"Rain, arrive at intersection, parked vehicle",rainy,day,boston-seaport,intersection,40,"car:24,traffic_cone:10,construction_vehicle:1,trailer:1,truck:1",D:\NUSCENES\Trainval\nuScenes_Trainval06_blobs_camera\samples\CAM_BACK\n008-2018-09-18-14-43-59-0400__CAM_BACK__1537296324387880.jpg,CAM_BACK,False,True,55,,,ok,10,0.313161164522171,ok,False,True,strict_kg_pool; kg_clip_rank=10; matches_structured_conditions,,
M011,路口有卡车,中文,two_condition,D:\nuScenes\Trainval\nuScenes_Trainval06_blobs_camera\samples\CAM_BACK\n008-2018-09-18-13-41-50-0400__CAM_BACK__1537293235437558.jpg,b829278aae2747959f2a95423455bbcb,12,c7604a179ea94e45857ec2c16416e5ad,scene-0543,"Oncoming truck, pedestrian, parking lot, parked cars by the side",clear,day,boston-seaport,parking_lot,40,"car:60,truck:21,pedestrian:6,construction_vehicle:4,trailer:4,traffic_cone:3,barrier:2,vehicle_emergency_police:1",D:\NUSCENES\Trainval\nuScenes_Trainval06_blobs_camera\samples\CAM_BACK\n008-2018-08-30-15-52-26-0400__CAM_BACK__1535659467037558.jpg,CAM_BACK,False,False,55,3,0.32816174626350403,ok,,,ok,False,False,pure_clip_rank=3,,
M011,路口有卡车,中文,two_condition,D:\nuScenes\Trainval\nuScenes_Trainval06_blobs_camera\samples\CAM_BACK\n008-2018-09-18-13-41-50-0400__CAM_BACK__1537293235437558.jpg,b829278aae2747959f2a95423455bbcb,13,54f56f80350b4c07af598ee87cf3886a,scene-0565,"Turning right, pedestrian with suitcase, pedestrian, construction zone, parked car",clear,day,boston-seaport,urban,40,"car:22,traffic_cone:22,pedestrian:20,barrier:16,truck:9,trailer:5,movable_object_pushable_pullable:3,bus:1,construction_vehicle:1",D:\NUSCENES\Trainval\nuScenes_Trainval06_blobs_camera\samples\CAM_BACK\n008-2018-08-31-11-37-23-0400__CAM_BACK__1535730654887558.jpg,CAM_BACK,False,False,55,4,0.3263402581214905,ok,,,ok,False,False,pure_clip_rank=4,,
M011,路口有卡车,中文,two_condition,D:\nuScenes\Trainval\nuScenes_Trainval06_blobs_camera\samples\CAM_BACK\n008-2018-09-18-13-41-50-0400__CAM_BACK__1537293235437558.jpg,b829278aae2747959f2a95423455bbcb,14,55162149a9464d5bb0b0ebd914567e09,scene-0640,"Rain, cross bridge, truck",rainy,day,boston-seaport,urban,40,"car:26,traffic_cone:12,truck:4,pedestrian:3,trailer:2",D:\NUSCENES\Trainval\nuScenes_Trainval06_blobs_camera\samples\CAM_BACK\n008-2018-09-18-14-43-59-0400__CAM_BACK__1537296344387558.jpg,CAM_BACK,False,False,55,8,0.3225592374801636,ok,,,ok,False,False,pure_clip_rank=8,,
M011,路口有卡车,中文,two_condition,D:\nuScenes\Trainval\nuScenes_Trainval06_blobs_camera\samples\CAM_BACK\n008-2018-09-18-13-41-50-0400__CAM_BACK__1537293235437558.jpg,b829278aae2747959f2a95423455bbcb,15,bd22f197e9f648cba8e307869479629b,scene-0600,"Rain, parked busses, parking lot",rainy,day,boston-seaport,parking_lot,41,"barrier:43,car:18,truck:16,bus:6,trailer:3,pedestrian:2,bicycle:1,traffic_cone:1",D:\NUSCENES\Trainval\nuScenes_Trainval06_blobs_camera\samples\CAM_BACK\n008-2018-09-18-13-41-50-0400__CAM_BACK__1537293316287558.jpg,CAM_BACK,False,False,55,9,0.32127153873443604,ok,,,ok,False,False,pure_clip_rank=9,,
M012,夜晚、行人、摩托车,中文,three_plus,D:\nuScenes\Trainval\nuScenes_Trainval10_blobs_camera\samples\CAM_FRONT\n015-2018-11-21-19-38-26+0800__CAM_FRONT__1542800805612460.jpg,d2db9f5df62c4d338d3bed43f616b954,1,d2db9f5df62c4d338d3bed43f616b954,scene-1092,"Night, many peds, many trash cans, ped with bag, stopped taxi, delivery scooter, arrive at intersection",clear,night,singapore-hollandvillage,intersection,41,"pedestrian:40,car:15,movable_object_pushable_pullable:11,motorcycle:4",D:\NUSCENES\Trainval\nuScenes_Trainval10_blobs_camera\samples\CAM_FRONT\n015-2018-11-21-19-38-26+0800__CAM_FRONT__1542800787912460.jpg,CAM_FRONT,True,True,33,,,ok,,,ok,False,True,seed_scene; strict_kg_pool; matches_structured_conditions,,
M012,夜晚、行人、摩托车,中文,three_plus,D:\nuScenes\Trainval\nuScenes_Trainval10_blobs_camera\samples\CAM_FRONT\n015-2018-11-21-19-38-26+0800__CAM_FRONT__1542800805612460.jpg,d2db9f5df62c4d338d3bed43f616b954,2,a2b64d02c5fa4b9bab671a97561b6b33,scene-1095,"Night, rain, lane change, cross intersection, scooter, bus, arrive at intersection",rainy,night,singapore-hollandvillage,intersection,40,"pedestrian:26,car:11,motorcycle:4,bus:2,movable_object_pushable_pullable:1,traffic_cone:1",D:\NUSCENES\Trainval\nuScenes_Trainval10_blobs_camera\samples\CAM_FRONT\n015-2018-11-21-19-38-26+0800__CAM_FRONT__1542800867912460.jpg,CAM_FRONT,False,True,33,1,0.37340185046195984,ok,1,0.37340185046195984,ok,True,True,strict_kg_pool; pure_clip_rank=1; kg_clip_rank=1; appears_in_both_rankings; matches_structured_conditions,,
M012,夜晚、行人、摩托车,中文,three_plus,D:\nuScenes\Trainval\nuScenes_Trainval10_blobs_camera\samples\CAM_FRONT\n015-2018-11-21-19-38-26+0800__CAM_FRONT__1542800805612460.jpg,d2db9f5df62c4d338d3bed43f616b954,3,34a9823fac0d4b9db30898e00b5f9f9c,scene-1017,"Night, ped, cars, bump, scooter, congestion",clear,night,singapore-queenstown,urban,40,"car:33,pedestrian:23,bus:2,bicycle:1,motorcycle:1,traffic_cone:1",D:\NUSCENES\Trainval\nuScenes_Trainval10_blobs_camera\samples\CAM_FRONT\n015-2018-11-14-19-09-14+0800__CAM_FRONT__1542194055112460.jpg,CAM_FRONT,False,True,33,2,0.36848777532577515,ok,2,0.36848777532577515,ok,True,True,strict_kg_pool; pure_clip_rank=2; kg_clip_rank=2; appears_in_both_rankings; matches_structured_conditions,,
M012,夜晚、行人、摩托车,中文,three_plus,D:\nuScenes\Trainval\nuScenes_Trainval10_blobs_camera\samples\CAM_FRONT\n015-2018-11-21-19-38-26+0800__CAM_FRONT__1542800805612460.jpg,d2db9f5df62c4d338d3bed43f616b954,4,affb0caa5d2948f98cee5c42c7aefc1c,scene-1084,"Night, scooter, peds, bus stop, parked cars, wait",clear,night,singapore-hollandvillage,bus_stop,41,"car:54,pedestrian:45,motorcycle:14,bus:3,bicycle:1",D:\NUSCENES\Trainval\nuScenes_Trainval10_blobs_camera\samples\CAM_FRONT\n015-2018-11-21-19-38-26+0800__CAM_FRONT__1542800527912460.jpg,CAM_FRONT,False,True,33,3,0.3654913604259491,ok,3,0.3654913604259491,ok,True,True,strict_kg_pool; pure_clip_rank=3; kg_clip_rank=3; appears_in_both_rankings; matches_structured_conditions,,
M012,夜晚、行人、摩托车,中文,three_plus,D:\nuScenes\Trainval\nuScenes_Trainval10_blobs_camera\samples\CAM_FRONT\n015-2018-11-21-19-38-26+0800__CAM_FRONT__1542800805612460.jpg,d2db9f5df62c4d338d3bed43f616b954,5,8d267899e2e843d4905fafd1f12c0a20,scene-1085,"Night, many peds, parked bicycles, turn left, parked scooters, congestion, peds with bags, cars in parking garage on second floor, trash cans",clear,night,singapore-hollandvillage,intersection,41,"pedestrian:50,car:28,bicycle:6,movable_object_pushable_pullable:5,motorcycle:4,truck:1",D:\NUSCENES\Trainval\nuScenes_Trainval10_blobs_camera\samples\CAM_FRONT\n015-2018-11-21-19-38-26+0800__CAM_FRONT__1542800547912460.jpg,CAM_FRONT,False,True,33,4,0.3643670082092285,ok,4,0.3643670082092285,ok,True,True,strict_kg_pool; pure_clip_rank=4; kg_clip_rank=4; appears_in_both_rankings; matches_structured_conditions,,
M012,夜晚、行人、摩托车,中文,three_plus,D:\nuScenes\Trainval\nuScenes_Trainval10_blobs_camera\samples\CAM_FRONT\n015-2018-11-21-19-38-26+0800__CAM_FRONT__1542800805612460.jpg,d2db9f5df62c4d338d3bed43f616b954,6,de7d80a1f5fb4c3e82ce8a4f213b450a,scene-1094,"Night, after rain, many peds, PMD, ped with bag, jaywalker, truck, scooter",rainy,night,singapore-hollandvillage,urban,40,"pedestrian:55,car:23,bicycle:3,bus:2,motorcycle:2",D:\NUSCENES\Trainval\nuScenes_Trainval10_blobs_camera\samples\CAM_FRONT\n015-2018-11-21-19-38-26+0800__CAM_FRONT__1542800847912460.jpg,CAM_FRONT,False,True,33,5,0.364213764667511,ok,5,0.364213764667511,ok,True,True,strict_kg_pool; pure_clip_rank=5; kg_clip_rank=5; appears_in_both_rankings; matches_structured_conditions,,
M012,夜晚、行人、摩托车,中文,three_plus,D:\nuScenes\Trainval\nuScenes_Trainval10_blobs_camera\samples\CAM_FRONT\n015-2018-11-21-19-38-26+0800__CAM_FRONT__1542800805612460.jpg,d2db9f5df62c4d338d3bed43f616b954,7,c610d0ac2e2045a5972bda66ac42ede3,scene-1008,"Night, peds in dark, lights, scooters, parking garage",clear,night,singapore-queenstown,urban,40,"car:20,pedestrian:4,motorcycle:3,traffic_cone:3",D:\NUSCENES\Trainval\nuScenes_Trainval10_blobs_camera\samples\CAM_FRONT\n015-2018-11-14-18-57-54+0800__CAM_FRONT__1542193561512460.jpg,CAM_FRONT,False,True,33,8,0.3628569543361664,ok,6,0.3628569543361664,ok,True,True,strict_kg_pool; pure_clip_rank=8; kg_clip_rank=6; appears_in_both_rankings; matches_structured_conditions,,
M012,夜晚、行人、摩托车,中文,three_plus,D:\nuScenes\Trainval\nuScenes_Trainval10_blobs_camera\samples\CAM_FRONT\n015-2018-11-21-19-38-26+0800__CAM_FRONT__1542800805612460.jpg,d2db9f5df62c4d338d3bed43f616b954,8,4ed628299b1e45a3a73704e8cf8287a9,scene-1053,"Night, rain, bump, peds, congestion, parked car",rainy,night,singapore-hollandvillage,urban,41,"car:23,movable_object_pushable_pullable:13,barrier:8,pedestrian:7,motorcycle:4,traffic_cone:2,animal:1,bicycle:1",D:\NUSCENES\Trainval\nuScenes_Trainval10_blobs_camera\samples\CAM_FRONT\n015-2018-11-21-19-11-29+0800__CAM_FRONT__1542798951612460.jpg,CAM_FRONT,False,True,33,,,ok,7,0.35947221517562866,ok,False,True,strict_kg_pool; kg_clip_rank=7; matches_structured_conditions,,
M012,夜晚、行人、摩托车,中文,three_plus,D:\nuScenes\Trainval\nuScenes_Trainval10_blobs_camera\samples\CAM_FRONT\n015-2018-11-21-19-38-26+0800__CAM_FRONT__1542800805612460.jpg,d2db9f5df62c4d338d3bed43f616b954,9,d4d2faa310a748dda508d15c6d5c4244,scene-1019,"Night, scooter, light, peds crossing crosswalk, bus stop",clear,night,singapore-queenstown,crosswalk,40,"pedestrian:64,car:9,barrier:3,bus:1,motorcycle:1",D:\NUSCENES\Trainval\nuScenes_Trainval10_blobs_camera\samples\CAM_FRONT\n015-2018-11-14-19-09-14+0800__CAM_FRONT__1542194100112460.jpg,CAM_FRONT,False,True,33,,,ok,8,0.3574102222919464,ok,False,True,strict_kg_pool; kg_clip_rank=8; matches_structured_conditions,,
M012,夜晚、行人、摩托车,中文,three_plus,D:\nuScenes\Trainval\nuScenes_Trainval10_blobs_camera\samples\CAM_FRONT\n015-2018-11-21-19-38-26+0800__CAM_FRONT__1542800805612460.jpg,d2db9f5df62c4d338d3bed43f616b954,10,d3c39710e9da42f48b605824ce2a1927,scene-1108,"Night, wet front camera, rain, bus, wait at intersection, scooters",rainy,night,singapore-hollandvillage,intersection,40,"car:35,motorcycle:4,bus:2,pedestrian:2,trailer:1",D:\NUSCENES\Trainval\nuScenes_Trainval10_blobs_camera\samples\CAM_FRONT\n015-2018-11-21-19-58-31+0800__CAM_FRONT__1542801654262460.jpg,CAM_FRONT,False,True,33,,,ok,9,0.354092538356781,ok,False,True,strict_kg_pool; kg_clip_rank=9; matches_structured_conditions,,
M012,夜晚、行人、摩托车,中文,three_plus,D:\nuScenes\Trainval\nuScenes_Trainval10_blobs_camera\samples\CAM_FRONT\n015-2018-11-21-19-38-26+0800__CAM_FRONT__1542800805612460.jpg,d2db9f5df62c4d338d3bed43f616b954,11,f634de95cc7043b8b38ceaac67d472cf,scene-1044,"Night, motorcycles, dense traffic, congestion, arrive at intersection",clear,night,singapore-hollandvillage,intersection,41,"car:30,movable_object_pushable_pullable:7,bus:2,motorcycle:2,truck:2,barrier:1,pedestrian:1",D:\NUSCENES\Trainval\nuScenes_Trainval10_blobs_camera\samples\CAM_FRONT\n015-2018-11-21-19-11-29+0800__CAM_FRONT__1542798691612460.jpg,CAM_FRONT,False,True,33,,,ok,10,0.35397741198539734,ok,False,True,strict_kg_pool; kg_clip_rank=10; matches_structured_conditions,,
M012,夜晚、行人、摩托车,中文,three_plus,D:\nuScenes\Trainval\nuScenes_Trainval10_blobs_camera\samples\CAM_FRONT\n015-2018-11-21-19-38-26+0800__CAM_FRONT__1542800805612460.jpg,d2db9f5df62c4d338d3bed43f616b954,12,afbc2583cc324938b2e8931d42c83e6b,scene-1066,"Night, bump, scooter, difficult lighting",clear,night,singapore-hollandvillage,urban,40,"car:15,motorcycle:6,movable_object_pushable_pullable:4",D:\NUSCENES\Trainval\nuScenes_Trainval10_blobs_camera\samples\CAM_FRONT\n015-2018-11-21-19-21-35+0800__CAM_FRONT__1542799562362460.jpg,CAM_FRONT,False,False,33,6,0.3641515076160431,ok,,,ok,False,False,pure_clip_rank=6,,
M012,夜晚、行人、摩托车,中文,three_plus,D:\nuScenes\Trainval\nuScenes_Trainval10_blobs_camera\samples\CAM_FRONT\n015-2018-11-21-19-38-26+0800__CAM_FRONT__1542800805612460.jpg,d2db9f5df62c4d338d3bed43f616b954,13,04e5f089805540a5a9e73c1b7c54ee8c,scene-1102,"Night, rain, scooter, cars, high speed, cross intersection, arrive at intersection",rainy,night,singapore-hollandvillage,intersection,40,"car:16,barrier:11,construction_vehicle:1,motorcycle:1,truck:1",D:\NUSCENES\Trainval\nuScenes_Trainval10_blobs_camera\samples\CAM_FRONT\n015-2018-11-21-19-38-26+0800__CAM_FRONT__1542801247912460.jpg,CAM_FRONT,False,False,33,7,0.3630652129650116,ok,,,ok,False,False,pure_clip_rank=7,,
M012,夜晚、行人、摩托车,中文,three_plus,D:\nuScenes\Trainval\nuScenes_Trainval10_blobs_camera\samples\CAM_FRONT\n015-2018-11-21-19-38-26+0800__CAM_FRONT__1542800805612460.jpg,d2db9f5df62c4d338d3bed43f616b954,14,692fe09aecae4b1a94f8a3bceedd9b7c,scene-1105,"Night, ped, avoid parked car, parked cars",clear,night,singapore-hollandvillage,urban,40,"movable_object_pushable_pullable:19,car:8,pedestrian:1,traffic_cone:1",D:\NUSCENES\Trainval\nuScenes_Trainval10_blobs_camera\samples\CAM_FRONT\n015-2018-11-21-19-38-26+0800__CAM_FRONT__1542801327912465.jpg,CAM_FRONT,False,False,33,9,0.36184588074684143,ok,,,ok,False,False,pure_clip_rank=9,,
M012,夜晚、行人、摩托车,中文,three_plus,D:\nuScenes\Trainval\nuScenes_Trainval10_blobs_camera\samples\CAM_FRONT\n015-2018-11-21-19-38-26+0800__CAM_FRONT__1542800805612460.jpg,d2db9f5df62c4d338d3bed43f616b954,15,6498fce2f38645fc9bf9d4464b159230,scene-1073,"Night, scooters, turn left, dense traffic",clear,night,singapore-hollandvillage,intersection,40,"car:34,motorcycle:3,truck:2",D:\NUSCENES\Trainval\nuScenes_Trainval10_blobs_camera\samples\CAM_FRONT\n015-2018-11-21-19-21-35+0800__CAM_FRONT__1542799742512460.jpg,CAM_FRONT,False,False,33,10,0.3611331880092621,ok,,,ok,False,False,pure_clip_rank=10,,
M013,夜晚街道上有很多行人,中文,three_plus,D:\nuScenes\Trainval\nuScenes_Trainval10_blobs_camera\samples\CAM_BACK_RIGHT\n015-2018-11-21-19-38-26+0800__CAM_BACK_RIGHT__1542800527527893.jpg,567fcd99d0dc4fa088f52b047f4ebdcf,1,567fcd99d0dc4fa088f52b047f4ebdcf,scene-1083,"Night, big street, bus, scooter, turn right",clear,night,singapore-hollandvillage,street,40,"car:31,pedestrian:11,bus:5,motorcycle:2",D:\NUSCENES\Trainval\nuScenes_Trainval10_blobs_camera\samples\CAM_BACK_RIGHT\n015-2018-11-21-19-38-26+0800__CAM_BACK_RIGHT__1542800507927893.jpg,CAM_BACK_RIGHT,True,True,2,,,ok,1,0.3390147089958191,ok,False,True,seed_scene; strict_kg_pool; kg_clip_rank=1; matches_structured_conditions,,
M013,夜晚街道上有很多行人,中文,three_plus,D:\nuScenes\Trainval\nuScenes_Trainval10_blobs_camera\samples\CAM_BACK_RIGHT\n015-2018-11-21-19-38-26+0800__CAM_BACK_RIGHT__1542800527527893.jpg,567fcd99d0dc4fa088f52b047f4ebdcf,2,a1e7cd557b9541dbb00822ea0c56204b,scene-1080,"Night, big street, dense traffic, scooters",clear,night,singapore-hollandvillage,street,40,"car:44,motorcycle:3,pedestrian:3",D:\NUSCENES\Trainval\nuScenes_Trainval10_blobs_camera\samples\CAM_BACK_RIGHT\n015-2018-11-21-19-38-26+0800__CAM_BACK_RIGHT__1542800427927893.jpg,CAM_BACK_RIGHT,False,True,2,,,ok,2,0.3375086188316345,ok,False,True,strict_kg_pool; kg_clip_rank=2; matches_structured_conditions,,
M013,夜晚街道上有很多行人,中文,three_plus,D:\nuScenes\Trainval\nuScenes_Trainval10_blobs_camera\samples\CAM_BACK_RIGHT\n015-2018-11-21-19-38-26+0800__CAM_BACK_RIGHT__1542800527527893.jpg,567fcd99d0dc4fa088f52b047f4ebdcf,3,8d267899e2e843d4905fafd1f12c0a20,scene-1085,"Night, many peds, parked bicycles, turn left, parked scooters, congestion, peds with bags, cars in parking garage on second floor, trash cans",clear,night,singapore-hollandvillage,intersection,41,"pedestrian:50,car:28,bicycle:6,movable_object_pushable_pullable:5,motorcycle:4,truck:1",D:\NUSCENES\Trainval\nuScenes_Trainval10_blobs_camera\samples\CAM_BACK_RIGHT\n015-2018-11-21-19-38-26+0800__CAM_BACK_RIGHT__1542800547927893.jpg,CAM_BACK_RIGHT,False,False,2,1,0.37951502203941345,ok,,,ok,False,False,pure_clip_rank=1,,
M013,夜晚街道上有很多行人,中文,three_plus,D:\nuScenes\Trainval\nuScenes_Trainval10_blobs_camera\samples\CAM_BACK_RIGHT\n015-2018-11-21-19-38-26+0800__CAM_BACK_RIGHT__1542800527527893.jpg,567fcd99d0dc4fa088f52b047f4ebdcf,4,1be49200788d4e38ae4496b27b233ccb,scene-1093,"Night, wait at intersection, peds crossing crosswalk, peds sidewalk, personal mobility device",clear,night,singapore-hollandvillage,intersection,41,"pedestrian:60,car:22,bicycle:2,motorcycle:1,truck:1",D:\NUSCENES\Trainval\nuScenes_Trainval10_blobs_camera\samples\CAM_BACK_RIGHT\n015-2018-11-21-19-38-26+0800__CAM_BACK_RIGHT__1542800827927893.jpg,CAM_BACK_RIGHT,False,False,2,2,0.3777366578578949,ok,,,ok,False,False,pure_clip_rank=2,,
M013,夜晚街道上有很多行人,中文,three_plus,D:\nuScenes\Trainval\nuScenes_Trainval10_blobs_camera\samples\CAM_BACK_RIGHT\n015-2018-11-21-19-38-26+0800__CAM_BACK_RIGHT__1542800527527893.jpg,567fcd99d0dc4fa088f52b047f4ebdcf,5,de7d80a1f5fb4c3e82ce8a4f213b450a,scene-1094,"Night, after rain, many peds, PMD, ped with bag, jaywalker, truck, scooter",rainy,night,singapore-hollandvillage,urban,40,"pedestrian:55,car:23,bicycle:3,bus:2,motorcycle:2",D:\NUSCENES\Trainval\nuScenes_Trainval10_blobs_camera\samples\CAM_BACK_RIGHT\n015-2018-11-21-19-38-26+0800__CAM_BACK_RIGHT__1542800847927893.jpg,CAM_BACK_RIGHT,False,False,2,3,0.37132126092910767,ok,,,ok,False,False,pure_clip_rank=3,,
M013,夜晚街道上有很多行人,中文,three_plus,D:\nuScenes\Trainval\nuScenes_Trainval10_blobs_camera\samples\CAM_BACK_RIGHT\n015-2018-11-21-19-38-26+0800__CAM_BACK_RIGHT__1542800527527893.jpg,567fcd99d0dc4fa088f52b047f4ebdcf,6,faa975eaad804c85bd8f2da9b30c8d9a,scene-1018,"Night, turn right, cars, bus, bus stop, scooter",clear,night,singapore-queenstown,bus_stop,41,"car:20,pedestrian:17,bus:1,motorcycle:1",D:\NUSCENES\Trainval\nuScenes_Trainval10_blobs_camera\samples\CAM_BACK_RIGHT\n015-2018-11-14-19-09-14+0800__CAM_BACK_RIGHT__1542194075127893.jpg,CAM_BACK_RIGHT,False,False,2,4,0.3662317991256714,ok,,,ok,False,False,pure_clip_rank=4,,
M013,夜晚街道上有很多行人,中文,three_plus,D:\nuScenes\Trainval\nuScenes_Trainval10_blobs_camera\samples\CAM_BACK_RIGHT\n015-2018-11-21-19-38-26+0800__CAM_BACK_RIGHT__1542800527527893.jpg,567fcd99d0dc4fa088f52b047f4ebdcf,7,980ddcb62e294608bd4235b0dfd517f4,scene-1089,"Night, turn left, bump, trash cans, turn left, ped in dark",clear,night,singapore-hollandvillage,intersection,40,"movable_object_pushable_pullable:27,car:6,pedestrian:4,bicycle:1",D:\NUSCENES\Trainval\nuScenes_Trainval10_blobs_camera\samples\CAM_BACK_RIGHT\n015-2018-11-21-19-38-26+0800__CAM_BACK_RIGHT__1542800668177893.jpg,CAM_BACK_RIGHT,False,False,2,5,0.36595433950424194,ok,,,ok,False,False,pure_clip_rank=5,,
M013,夜晚街道上有很多行人,中文,three_plus,D:\nuScenes\Trainval\nuScenes_Trainval10_blobs_camera\samples\CAM_BACK_RIGHT\n015-2018-11-21-19-38-26+0800__CAM_BACK_RIGHT__1542800527527893.jpg,567fcd99d0dc4fa088f52b047f4ebdcf,8,f0f7132494bc4045a21868aca13b56f9,scene-1016,"Night, peds, bus stop, bump, ped crossing crosswalk, bus",clear,night,singapore-queenstown,crosswalk,40,"pedestrian:31,car:18,bicycle:1,bus:1,traffic_cone:1",D:\NUSCENES\Trainval\nuScenes_Trainval10_blobs_camera\samples\CAM_BACK_RIGHT\n015-2018-11-14-19-09-14+0800__CAM_BACK_RIGHT__1542194035127893.jpg,CAM_BACK_RIGHT,False,False,2,6,0.36153700947761536,ok,,,ok,False,False,pure_clip_rank=6,,
M013,夜晚街道上有很多行人,中文,three_plus,D:\nuScenes\Trainval\nuScenes_Trainval10_blobs_camera\samples\CAM_BACK_RIGHT\n015-2018-11-21-19-38-26+0800__CAM_BACK_RIGHT__1542800527527893.jpg,567fcd99d0dc4fa088f52b047f4ebdcf,9,57146b2ebf10432f84b15a3038fe1755,scene-1110,"Night, rain, bus, turn right, peds, bus stop",rainy,night,singapore-hollandvillage,bus_stop,40,"car:39,pedestrian:33,bus:2,bicycle:1",D:\NUSCENES\Trainval\nuScenes_Trainval10_blobs_camera\samples\CAM_BACK_RIGHT\n015-2018-11-21-19-58-31+0800__CAM_BACK_RIGHT__1542801713927893.jpg,CAM_BACK_RIGHT,False,False,2,7,0.36086300015449524,ok,,,ok,False,False,pure_clip_rank=7,,
M013,夜晚街道上有很多行人,中文,three_plus,D:\nuScenes\Trainval\nuScenes_Trainval10_blobs_camera\samples\CAM_BACK_RIGHT\n015-2018-11-21-19-38-26+0800__CAM_BACK_RIGHT__1542800527527893.jpg,567fcd99d0dc4fa088f52b047f4ebdcf,10,affb0caa5d2948f98cee5c42c7aefc1c,scene-1084,"Night, scooter, peds, bus stop, parked cars, wait",clear,night,singapore-hollandvillage,bus_stop,41,"car:54,pedestrian:45,motorcycle:14,bus:3,bicycle:1",D:\NUSCENES\Trainval\nuScenes_Trainval10_blobs_camera\samples\CAM_BACK_RIGHT\n015-2018-11-21-19-38-26+0800__CAM_BACK_RIGHT__1542800527927893.jpg,CAM_BACK_RIGHT,False,False,2,8,0.35533320903778076,ok,,,ok,False,False,pure_clip_rank=8,,
M013,夜晚街道上有很多行人,中文,three_plus,D:\nuScenes\Trainval\nuScenes_Trainval10_blobs_camera\samples\CAM_BACK_RIGHT\n015-2018-11-21-19-38-26+0800__CAM_BACK_RIGHT__1542800527527893.jpg,567fcd99d0dc4fa088f52b047f4ebdcf,11,a2b64d02c5fa4b9bab671a97561b6b33,scene-1095,"Night, rain, lane change, cross intersection, scooter, bus, arrive at intersection",rainy,night,singapore-hollandvillage,intersection,40,"pedestrian:26,car:11,motorcycle:4,bus:2,movable_object_pushable_pullable:1,traffic_cone:1",D:\NUSCENES\Trainval\nuScenes_Trainval10_blobs_camera\samples\CAM_BACK_RIGHT\n015-2018-11-21-19-38-26+0800__CAM_BACK_RIGHT__1542800867927893.jpg,CAM_BACK_RIGHT,False,False,2,9,0.35411399602890015,ok,,,ok,False,False,pure_clip_rank=9,,
M013,夜晚街道上有很多行人,中文,three_plus,D:\nuScenes\Trainval\nuScenes_Trainval10_blobs_camera\samples\CAM_BACK_RIGHT\n015-2018-11-21-19-38-26+0800__CAM_BACK_RIGHT__1542800527527893.jpg,567fcd99d0dc4fa088f52b047f4ebdcf,12,cdeb0e85e43e481a87b2251351e10c2f,scene-1098,"Night, peds, scooter, bus, waiting at intersection",clear,night,singapore-hollandvillage,intersection,40,"car:19,pedestrian:17,bus:4,motorcycle:2",D:\NUSCENES\Trainval\nuScenes_Trainval10_blobs_camera\samples\CAM_BACK_RIGHT\n015-2018-11-21-19-38-26+0800__CAM_BACK_RIGHT__1542800947930940.jpg,CAM_BACK_RIGHT,False,False,2,10,0.3537910580635071,ok,,,ok,False,False,pure_clip_rank=10,,
M014,城市路口的交通场景,中文,open_semantic,D:\nuScenes\Trainval\nuScenes_Trainval06_blobs_camera\samples\CAM_FRONT_LEFT\n008-2018-09-18-13-41-50-0400__CAM_FRONT_LEFT__1537292929354799.jpg,a59b6db922ff490da5ccfc9980700935,1,a59b6db922ff490da5ccfc9980700935,scene-0593,"Rain, wait at intersection, peds crossing",rainy,day,boston-seaport,intersection,40,"car:23,pedestrian:5,truck:5,barrier:1,movable_object_pushable_pullable:1,traffic_cone:1,trailer:1",D:\NUSCENES\Trainval\nuScenes_Trainval06_blobs_camera\samples\CAM_FRONT_LEFT\n008-2018-09-18-13-41-50-0400__CAM_FRONT_LEFT__1537292923354799.jpg,CAM_FRONT_LEFT,True,True,69,1,0.36270004510879517,ok,1,0.36270004510879517,ok,True,True,seed_scene; strict_kg_pool; pure_clip_rank=1; kg_clip_rank=1; appears_in_both_rankings; matches_structured_conditions,,
M014,城市路口的交通场景,中文,open_semantic,D:\nuScenes\Trainval\nuScenes_Trainval06_blobs_camera\samples\CAM_FRONT_LEFT\n008-2018-09-18-13-41-50-0400__CAM_FRONT_LEFT__1537292929354799.jpg,a59b6db922ff490da5ccfc9980700935,2,6f83169d067343658251f72e1dd17dbc,scene-0553,"Wait at intersection, bicycle, large truck, peds crossing crosswalk, ped with stroller",clear,day,boston-seaport,intersection,41,"car:22,barrier:16,pedestrian:12,bus:2,truck:2,bicycle:1,movable_object_pushable_pullable:1,trailer:1",D:\NUSCENES\Trainval\nuScenes_Trainval06_blobs_camera\samples\CAM_FRONT_LEFT\n008-2018-08-28-16-43-51-0400__CAM_FRONT_LEFT__1535489296004799.jpg,CAM_FRONT_LEFT,False,True,69,2,0.3599424660205841,ok,2,0.3599424660205841,ok,True,True,strict_kg_pool; pure_clip_rank=2; kg_clip_rank=2; appears_in_both_rankings; matches_structured_conditions,,
M014,城市路口的交通场景,中文,open_semantic,D:\nuScenes\Trainval\nuScenes_Trainval06_blobs_camera\samples\CAM_FRONT_LEFT\n008-2018-09-18-13-41-50-0400__CAM_FRONT_LEFT__1537292929354799.jpg,a59b6db922ff490da5ccfc9980700935,3,cddd0d5be10b4313a859524952455f43,scene-0589,"Rain, turn right, cars waiting at intersection",rainy,day,boston-seaport,intersection,41,"car:25,traffic_cone:11,pedestrian:4,bus:1,construction_vehicle:1,truck:1",D:\NUSCENES\Trainval\nuScenes_Trainval06_blobs_camera\samples\CAM_FRONT_LEFT\n008-2018-09-18-13-41-50-0400__CAM_FRONT_LEFT__1537292771254799.jpg,CAM_FRONT_LEFT,False,True,69,3,0.35739555954933167,ok,3,0.35739555954933167,ok,True,True,strict_kg_pool; pure_clip_rank=3; kg_clip_rank=3; appears_in_both_rankings; matches_structured_conditions,,
M014,城市路口的交通场景,中文,open_semantic,D:\nuScenes\Trainval\nuScenes_Trainval06_blobs_camera\samples\CAM_FRONT_LEFT\n008-2018-09-18-13-41-50-0400__CAM_FRONT_LEFT__1537292929354799.jpg,a59b6db922ff490da5ccfc9980700935,4,3363f396bb43405fbdd17d65dc123d4e,scene-0555,"Cross intersection, construction, big truck",clear,day,boston-seaport,intersection,40,"barrier:43,car:28,pedestrian:20,traffic_cone:12,construction_vehicle:1,trailer:1,truck:1",D:\NUSCENES\Trainval\nuScenes_Trainval06_blobs_camera\samples\CAM_FRONT_LEFT\n008-2018-08-28-16-43-51-0400__CAM_FRONT_LEFT__1535489336004799.jpg,CAM_FRONT_LEFT,False,True,69,4,0.3512255847454071,ok,4,0.3512255847454071,ok,True,True,strict_kg_pool; pure_clip_rank=4; kg_clip_rank=4; appears_in_both_rankings; matches_structured_conditions,,
M014,城市路口的交通场景,中文,open_semantic,D:\nuScenes\Trainval\nuScenes_Trainval06_blobs_camera\samples\CAM_FRONT_LEFT\n008-2018-09-18-13-41-50-0400__CAM_FRONT_LEFT__1537292929354799.jpg,a59b6db922ff490da5ccfc9980700935,5,f5b29a1e09d04355adcd60ab72de006b,scene-0638,"Rain, turn left, water reflections, jaywalker, parked cars",rainy,day,boston-seaport,intersection,41,"car:47,truck:12,pedestrian:5,traffic_cone:2,bicycle:1,trailer:1,vehicle_emergency_ambulance:1",D:\NUSCENES\Trainval\nuScenes_Trainval06_blobs_camera\samples\CAM_FRONT_LEFT\n008-2018-09-18-14-35-12-0400__CAM_FRONT_LEFT__1537296195854799.jpg,CAM_FRONT_LEFT,False,True,69,5,0.3507419228553772,ok,5,0.3507419228553772,ok,True,True,strict_kg_pool; pure_clip_rank=5; kg_clip_rank=5; appears_in_both_rankings; matches_structured_conditions,,
M014,城市路口的交通场景,中文,open_semantic,D:\nuScenes\Trainval\nuScenes_Trainval06_blobs_camera\samples\CAM_FRONT_LEFT\n008-2018-09-18-13-41-50-0400__CAM_FRONT_LEFT__1537292929354799.jpg,a59b6db922ff490da5ccfc9980700935,6,f2541977a00a448db9b46a32187d9059,scene-0554,"Wait at intersection, ped crossing, ped with stroller, cyclist, barriers",clear,day,boston-seaport,intersection,41,"barrier:23,car:13,pedestrian:13,traffic_cone:2,bicycle:1,movable_object_pushable_pullable:1,trailer:1,truck:1",D:\NUSCENES\Trainval\nuScenes_Trainval06_blobs_camera\samples\CAM_FRONT_LEFT\n008-2018-08-28-16-43-51-0400__CAM_FRONT_LEFT__1535489316004799.jpg,CAM_FRONT_LEFT,False,True,69,6,0.3506549894809723,ok,6,0.3506549894809723,ok,True,True,strict_kg_pool; pure_clip_rank=6; kg_clip_rank=6; appears_in_both_rankings; matches_structured_conditions,,
M014,城市路口的交通场景,中文,open_semantic,D:\nuScenes\Trainval\nuScenes_Trainval06_blobs_camera\samples\CAM_FRONT_LEFT\n008-2018-09-18-13-41-50-0400__CAM_FRONT_LEFT__1537292929354799.jpg,a59b6db922ff490da5ccfc9980700935,7,e02aee6f1fec4d13ad77044466da5fb4,scene-0641,"Rain, cross intersection, parked cars, change lane, arrive at intersection",rainy,day,boston-seaport,intersection,40,"car:32,barrier:15,pedestrian:8,truck:5,traffic_cone:4,construction_vehicle:3,bus:2,trailer:1",D:\NUSCENES\Trainval\nuScenes_Trainval06_blobs_camera\samples\CAM_FRONT_LEFT\n008-2018-09-18-14-43-59-0400__CAM_FRONT_LEFT__1537296364254799.jpg,CAM_FRONT_LEFT,False,True,69,7,0.34937214851379395,ok,7,0.34937214851379395,ok,True,True,strict_kg_pool; pure_clip_rank=7; kg_clip_rank=7; appears_in_both_rankings; matches_structured_conditions,,
M014,城市路口的交通场景,中文,open_semantic,D:\nuScenes\Trainval\nuScenes_Trainval06_blobs_camera\samples\CAM_FRONT_LEFT\n008-2018-09-18-13-41-50-0400__CAM_FRONT_LEFT__1537292929354799.jpg,a59b6db922ff490da5ccfc9980700935,8,70e7d95ee1d1426fa84da44ddbf82d7a,scene-0546,"Wait at intersection, peds, parked cars, wait to turn right, peds crossing crosswalk",clear,day,boston-seaport,intersection,41,"car:34,pedestrian:10,truck:4",D:\NUSCENES\Trainval\nuScenes_Trainval06_blobs_camera\samples\CAM_FRONT_LEFT\n008-2018-08-30-15-52-26-0400__CAM_FRONT_LEFT__1535659587004799.jpg,CAM_FRONT_LEFT,False,True,69,8,0.3482307195663452,ok,8,0.3482307195663452,ok,True,True,strict_kg_pool; pure_clip_rank=8; kg_clip_rank=8; appears_in_both_rankings; matches_structured_conditions,,
M014,城市路口的交通场景,中文,open_semantic,D:\nuScenes\Trainval\nuScenes_Trainval06_blobs_camera\samples\CAM_FRONT_LEFT\n008-2018-09-18-13-41-50-0400__CAM_FRONT_LEFT__1537292929354799.jpg,a59b6db922ff490da5ccfc9980700935,9,c468cdcc838143d480b5b9c835c8380c,scene-0652,"Rain, wait at intersection, peds crossing, parked cars",rainy,day,boston-seaport,intersection,41,"car:23,traffic_cone:13,pedestrian:7",D:\NUSCENES\Trainval\nuScenes_Trainval06_blobs_camera\samples\CAM_FRONT_LEFT\n008-2018-09-18-14-43-59-0400__CAM_FRONT_LEFT__1537296685254799.jpg,CAM_FRONT_LEFT,False,True,69,9,0.34806323051452637,ok,9,0.34806323051452637,ok,True,True,strict_kg_pool; pure_clip_rank=9; kg_clip_rank=9; appears_in_both_rankings; matches_structured_conditions,,
M014,城市路口的交通场景,中文,open_semantic,D:\nuScenes\Trainval\nuScenes_Trainval06_blobs_camera\samples\CAM_FRONT_LEFT\n008-2018-09-18-13-41-50-0400__CAM_FRONT_LEFT__1537292929354799.jpg,a59b6db922ff490da5ccfc9980700935,10,44c9089913db4d4ab839a2fcb35989ed,scene-0560,"Arrive at intersection, parked cars, statue, peds, ped with stroller, flag, bendy bus",clear,day,boston-seaport,intersection,40,"car:26,pedestrian:9,bus:4,construction_vehicle:2,truck:2,traffic_cone:1",D:\NUSCENES\Trainval\nuScenes_Trainval06_blobs_camera\samples\CAM_FRONT_LEFT\n008-2018-08-31-11-37-23-0400__CAM_FRONT_LEFT__1535730420904799.jpg,CAM_FRONT_LEFT,False,True,69,,,ok,10,0.34431976079940796,ok,False,True,strict_kg_pool; kg_clip_rank=10; matches_structured_conditions,,
M014,城市路口的交通场景,中文,open_semantic,D:\nuScenes\Trainval\nuScenes_Trainval06_blobs_camera\samples\CAM_FRONT_LEFT\n008-2018-09-18-13-41-50-0400__CAM_FRONT_LEFT__1537292929354799.jpg,a59b6db922ff490da5ccfc9980700935,11,4772f5283211444eaabd463cd341d360,scene-0642,"Rain, parked cars, parked bicycle",rainy,day,boston-seaport,urban,41,"car:40,bicycle:3,pedestrian:2,truck:2,bus:1,static_object_bicycle_rack:1",D:\NUSCENES\Trainval\nuScenes_Trainval06_blobs_camera\samples\CAM_FRONT_LEFT\n008-2018-09-18-14-43-59-0400__CAM_FRONT_LEFT__1537296384254799.jpg,CAM_FRONT_LEFT,False,False,69,10,0.3462721109390259,ok,,,ok,False,False,pure_clip_rank=10,,
M015,"During the day, pedestrians, construction vehicle, and truck pass through an intersection",英文,three_plus,D:\nuScenes\Trainval\nuScenes_Trainval06_blobs_camera\samples\CAM_BACK\n008-2018-08-28-16-43-51-0400__CAM_BACK__1535489343037558.jpg,3363f396bb43405fbdd17d65dc123d4e,1,3363f396bb43405fbdd17d65dc123d4e,scene-0555,"Cross intersection, construction, big truck",clear,day,boston-seaport,intersection,40,"barrier:43,car:28,pedestrian:20,traffic_cone:12,construction_vehicle:1,trailer:1,truck:1",D:\NUSCENES\Trainval\nuScenes_Trainval06_blobs_camera\samples\CAM_BACK\n008-2018-08-28-16-43-51-0400__CAM_BACK__1535489336037560.jpg,CAM_BACK,True,True,20,,,ok,7,0.30550143122673035,ok,False,True,seed_scene; strict_kg_pool; kg_clip_rank=7; matches_structured_conditions,,
M015,"During the day, pedestrians, construction vehicle, and truck pass through an intersection",英文,three_plus,D:\nuScenes\Trainval\nuScenes_Trainval06_blobs_camera\samples\CAM_BACK\n008-2018-08-28-16-43-51-0400__CAM_BACK__1535489343037558.jpg,3363f396bb43405fbdd17d65dc123d4e,2,cddd0d5be10b4313a859524952455f43,scene-0589,"Rain, turn right, cars waiting at intersection",rainy,day,boston-seaport,intersection,41,"car:25,traffic_cone:11,pedestrian:4,bus:1,construction_vehicle:1,truck:1",D:\NUSCENES\Trainval\nuScenes_Trainval06_blobs_camera\samples\CAM_BACK\n008-2018-09-18-13-41-50-0400__CAM_BACK__1537292771287558.jpg,CAM_BACK,False,True,20,3,0.3233567476272583,ok,1,0.3233567476272583,ok,True,True,strict_kg_pool; pure_clip_rank=3; kg_clip_rank=1; appears_in_both_rankings; matches_structured_conditions,,
M015,"During the day, pedestrians, construction vehicle, and truck pass through an intersection",英文,three_plus,D:\nuScenes\Trainval\nuScenes_Trainval06_blobs_camera\samples\CAM_BACK\n008-2018-08-28-16-43-51-0400__CAM_BACK__1535489343037558.jpg,3363f396bb43405fbdd17d65dc123d4e,3,d8a5dd6087de4e808c61c27f91e8216e,scene-0590,"Rain, cluster of traffic cones, wait at intersection, bendy bus",rainy,day,boston-seaport,intersection,40,"traffic_cone:23,car:12,bus:3,construction_vehicle:2,truck:2,pedestrian:1,trailer:1,vehicle_emergency_police:1",D:\NUSCENES\Trainval\nuScenes_Trainval06_blobs_camera\samples\CAM_BACK\n008-2018-09-18-13-41-50-0400__CAM_BACK__1537292791387558.jpg,CAM_BACK,False,True,20,6,0.3196837306022644,ok,2,0.3196837306022644,ok,True,True,strict_kg_pool; pure_clip_rank=6; kg_clip_rank=2; appears_in_both_rankings; matches_structured_conditions,,
M015,"During the day, pedestrians, construction vehicle, and truck pass through an intersection",英文,three_plus,D:\nuScenes\Trainval\nuScenes_Trainval06_blobs_camera\samples\CAM_BACK\n008-2018-08-28-16-43-51-0400__CAM_BACK__1535489343037558.jpg,3363f396bb43405fbdd17d65dc123d4e,4,44c9089913db4d4ab839a2fcb35989ed,scene-0560,"Arrive at intersection, parked cars, statue, peds, ped with stroller, flag, bendy bus",clear,day,boston-seaport,intersection,40,"car:26,pedestrian:9,bus:4,construction_vehicle:2,truck:2,traffic_cone:1",D:\NUSCENES\Trainval\nuScenes_Trainval06_blobs_camera\samples\CAM_BACK\n008-2018-08-31-11-37-23-0400__CAM_BACK__1535730420937558.jpg,CAM_BACK,False,True,20,8,0.3172905445098877,ok,3,0.3172905445098877,ok,True,True,strict_kg_pool; pure_clip_rank=8; kg_clip_rank=3; appears_in_both_rankings; matches_structured_conditions,,
M015,"During the day, pedestrians, construction vehicle, and truck pass through an intersection",英文,three_plus,D:\nuScenes\Trainval\nuScenes_Trainval06_blobs_camera\samples\CAM_BACK\n008-2018-08-28-16-43-51-0400__CAM_BACK__1535489343037558.jpg,3363f396bb43405fbdd17d65dc123d4e,5,ed242d80ccb34b139aaf9ab89859332e,scene-0561,"Wait at intersection, turning left, cars turning together, parking lot",clear,day,boston-seaport,intersection,40,"car:35,pedestrian:12,truck:6,bus:2,trailer:2,bicycle:1,construction_vehicle:1,motorcycle:1,traffic_cone:1",D:\NUSCENES\Trainval\nuScenes_Trainval06_blobs_camera\samples\CAM_BACK\n008-2018-08-31-11-37-23-0400__CAM_BACK__1535730460887558.jpg,CAM_BACK,False,True,20,,,ok,4,0.31643977761268616,ok,False,True,strict_kg_pool; kg_clip_rank=4; matches_structured_conditions,,
M015,"During the day, pedestrians, construction vehicle, and truck pass through an intersection",英文,three_plus,D:\nuScenes\Trainval\nuScenes_Trainval06_blobs_camera\samples\CAM_BACK\n008-2018-08-28-16-43-51-0400__CAM_BACK__1535489343037558.jpg,3363f396bb43405fbdd17d65dc123d4e,6,6b80170cd8404e6298d353bf1fa8dc0c,scene-0536,"Turning right at intersection, narrow path, cars, pedestrian",clear,day,boston-seaport,intersection,40,"car:22,barrier:15,truck:6,pedestrian:5,construction_vehicle:3,traffic_cone:2",D:\NUSCENES\Trainval\nuScenes_Trainval06_blobs_camera\samples\CAM_BACK\n008-2018-08-30-15-52-26-0400__CAM_BACK__1535659267037558.jpg,CAM_BACK,False,True,20,,,ok,5,0.31362399458885193,ok,False,True,strict_kg_pool; kg_clip_rank=5; matches_structured_conditions,,
M015,"During the day, pedestrians, construction vehicle, and truck pass through an intersection",英文,three_plus,D:\nuScenes\Trainval\nuScenes_Trainval06_blobs_camera\samples\CAM_BACK\n008-2018-08-28-16-43-51-0400__CAM_BACK__1535489343037558.jpg,3363f396bb43405fbdd17d65dc123d4e,7,0e7ede02718341558414865d5c604745,scene-0559,"Passing intersection, pedestrian, parked cars, construction zone, construction vehicles",clear,day,boston-seaport,intersection,41,"car:28,traffic_cone:20,pedestrian:11,truck:9,construction_vehicle:5,movable_object_debris:2,movable_object_pushable_pullable:2,bus:1",D:\NUSCENES\Trainval\nuScenes_Trainval06_blobs_camera\samples\CAM_BACK\n008-2018-08-31-11-37-23-0400__CAM_BACK__1535730400887558.jpg,CAM_BACK,False,True,20,,,ok,6,0.313005656003952,ok,False,True,strict_kg_pool; kg_clip_rank=6; matches_structured_conditions,,
M015,"During the day, pedestrians, construction vehicle, and truck pass through an intersection",英文,three_plus,D:\nuScenes\Trainval\nuScenes_Trainval06_blobs_camera\samples\CAM_BACK\n008-2018-08-28-16-43-51-0400__CAM_BACK__1535489343037558.jpg,3363f396bb43405fbdd17d65dc123d4e,8,e02aee6f1fec4d13ad77044466da5fb4,scene-0641,"Rain, cross intersection, parked cars, change lane, arrive at intersection",rainy,day,boston-seaport,intersection,40,"car:32,barrier:15,pedestrian:8,truck:5,traffic_cone:4,construction_vehicle:3,bus:2,trailer:1",D:\NUSCENES\Trainval\nuScenes_Trainval06_blobs_camera\samples\CAM_BACK\n008-2018-09-18-14-43-59-0400__CAM_BACK__1537296364287567.jpg,CAM_BACK,False,True,20,,,ok,8,0.30484819412231445,ok,False,True,strict_kg_pool; kg_clip_rank=8; matches_structured_conditions,,
M015,"During the day, pedestrians, construction vehicle, and truck pass through an intersection",英文,three_plus,D:\nuScenes\Trainval\nuScenes_Trainval06_blobs_camera\samples\CAM_BACK\n008-2018-08-28-16-43-51-0400__CAM_BACK__1535489343037558.jpg,3363f396bb43405fbdd17d65dc123d4e,9,9068766ee9374872a380fe75fcfb299e,scene-0630,"Rain, construction, fence, special construction vehicle, nature, crane, wait at intersection, parking lot, cross intersection",rainy,day,boston-seaport,intersection,41,"traffic_cone:23,car:17,construction_vehicle:8,movable_object_pushable_pullable:1,pedestrian:1,truck:1",D:\NUSCENES\Trainval\nuScenes_Trainval06_blobs_camera\samples\CAM_BACK\n008-2018-09-18-14-35-12-0400__CAM_BACK__1537295946888208.jpg,CAM_BACK,False,True,20,,,ok,9,0.30383041501045227,ok,False,True,strict_kg_pool; kg_clip_rank=9; matches_structured_conditions,,
M015,"During the day, pedestrians, construction vehicle, and truck pass through an intersection",英文,three_plus,D:\nuScenes\Trainval\nuScenes_Trainval06_blobs_camera\samples\CAM_BACK\n008-2018-08-28-16-43-51-0400__CAM_BACK__1535489343037558.jpg,3363f396bb43405fbdd17d65dc123d4e,10,84e056bd8e994362a37cba45c0f75558,scene-0564,"Parked car, pedestrian, turning right, construction zone",clear,day,boston-seaport,urban,40,"car:47,barrier:20,truck:9,pedestrian:6,traffic_cone:3,bus:2,movable_object_pushable_pullable:1,trailer:1",D:\NUSCENES\Trainval\nuScenes_Trainval06_blobs_camera\samples\CAM_BACK\n008-2018-08-31-11-37-23-0400__CAM_BACK__1535730634937558.jpg,CAM_BACK,False,False,20,1,0.3328835368156433,ok,,,ok,False,False,pure_clip_rank=1,,
M015,"During the day, pedestrians, construction vehicle, and truck pass through an intersection",英文,three_plus,D:\nuScenes\Trainval\nuScenes_Trainval06_blobs_camera\samples\CAM_BACK\n008-2018-08-28-16-43-51-0400__CAM_BACK__1535489343037558.jpg,3363f396bb43405fbdd17d65dc123d4e,11,8e3364691ee94c698458e0913a29af78,scene-0563,"Change lane and stop, slight traffic congestion due to traffic light, ped on overpass, parked cars, cyclist",clear,day,boston-seaport,urban,40,"car:37,truck:9,pedestrian:7,bicycle:2,bus:2,construction_vehicle:2",D:\NUSCENES\Trainval\nuScenes_Trainval06_blobs_camera\samples\CAM_BACK\n008-2018-08-31-11-37-23-0400__CAM_BACK__1535730594887558.jpg,CAM_BACK,False,False,20,2,0.3306528925895691,ok,,,ok,False,False,pure_clip_rank=2,,
M015,"During the day, pedestrians, construction vehicle, and truck pass through an intersection",英文,three_plus,D:\nuScenes\Trainval\nuScenes_Trainval06_blobs_camera\samples\CAM_BACK\n008-2018-08-28-16-43-51-0400__CAM_BACK__1535489343037558.jpg,3363f396bb43405fbdd17d65dc123d4e,12,c7604a179ea94e45857ec2c16416e5ad,scene-0543,"Oncoming truck, pedestrian, parking lot, parked cars by the side",clear,day,boston-seaport,parking_lot,40,"car:60,truck:21,pedestrian:6,construction_vehicle:4,trailer:4,traffic_cone:3,barrier:2,vehicle_emergency_police:1",D:\NUSCENES\Trainval\nuScenes_Trainval06_blobs_camera\samples\CAM_BACK\n008-2018-08-30-15-52-26-0400__CAM_BACK__1535659467037558.jpg,CAM_BACK,False,False,20,4,0.3204791247844696,ok,,,ok,False,False,pure_clip_rank=4,,
M015,"During the day, pedestrians, construction vehicle, and truck pass through an intersection",英文,three_plus,D:\nuScenes\Trainval\nuScenes_Trainval06_blobs_camera\samples\CAM_BACK\n008-2018-08-28-16-43-51-0400__CAM_BACK__1535489343037558.jpg,3363f396bb43405fbdd17d65dc123d4e,13,6f83169d067343658251f72e1dd17dbc,scene-0553,"Wait at intersection, bicycle, large truck, peds crossing crosswalk, ped with stroller",clear,day,boston-seaport,intersection,41,"car:22,barrier:16,pedestrian:12,bus:2,truck:2,bicycle:1,movable_object_pushable_pullable:1,trailer:1",D:\NUSCENES\Trainval\nuScenes_Trainval06_blobs_camera\samples\CAM_BACK\n008-2018-08-28-16-43-51-0400__CAM_BACK__1535489296037558.jpg,CAM_BACK,False,False,20,5,0.3204534947872162,ok,,,ok,False,False,pure_clip_rank=5,,
M015,"During the day, pedestrians, construction vehicle, and truck pass through an intersection",英文,three_plus,D:\nuScenes\Trainval\nuScenes_Trainval06_blobs_camera\samples\CAM_BACK\n008-2018-08-28-16-43-51-0400__CAM_BACK__1535489343037558.jpg,3363f396bb43405fbdd17d65dc123d4e,14,788c5502523f4d01b3a8de47ec3dadfb,scene-0541,"Parked truck, parked cars, pedestrian crossing",clear,day,boston-seaport,urban,41,"barrier:33,car:13,truck:12,trailer:6,construction_vehicle:2,pedestrian:1",D:\NUSCENES\Trainval\nuScenes_Trainval06_blobs_camera\samples\CAM_BACK\n008-2018-08-30-15-52-26-0400__CAM_BACK__1535659387037558.jpg,CAM_BACK,False,False,20,7,0.31941089034080505,ok,,,ok,False,False,pure_clip_rank=7,,
M015,"During the day, pedestrians, construction vehicle, and truck pass through an intersection",英文,three_plus,D:\nuScenes\Trainval\nuScenes_Trainval06_blobs_camera\samples\CAM_BACK\n008-2018-08-28-16-43-51-0400__CAM_BACK__1535489343037558.jpg,3363f396bb43405fbdd17d65dc123d4e,15,54f56f80350b4c07af598ee87cf3886a,scene-0565,"Turning right, pedestrian with suitcase, pedestrian, construction zone, parked car",clear,day,boston-seaport,urban,40,"car:22,traffic_cone:22,pedestrian:20,barrier:16,truck:9,trailer:5,movable_object_pushable_pullable:3,bus:1,construction_vehicle:1",D:\NUSCENES\Trainval\nuScenes_Trainval06_blobs_camera\samples\CAM_BACK\n008-2018-08-31-11-37-23-0400__CAM_BACK__1535730654887558.jpg,CAM_BACK,False,False,20,9,0.31720447540283203,ok,,,ok,False,False,pure_clip_rank=9,,
M016,"On a rainy night, a bus travels along",英文,three_plus,D:\nuScenes\Trainval\nuScenes_Trainval10_blobs_camera\samples\CAM_BACK\n015-2018-11-21-19-58-31+0800__CAM_BACK__1542801716437525.jpg,57146b2ebf10432f84b15a3038fe1755,1,57146b2ebf10432f84b15a3038fe1755,scene-1110,"Night, rain, bus, turn right, peds, bus stop",rainy,night,singapore-hollandvillage,bus_stop,40,"car:39,pedestrian:33,bus:2,bicycle:1",D:\NUSCENES\Trainval\nuScenes_Trainval10_blobs_camera\samples\CAM_BACK\n015-2018-11-21-19-58-31+0800__CAM_BACK__1542801713937532.jpg,CAM_BACK,True,True,10,1,0.34471726417541504,ok,1,0.34471726417541504,ok,True,True,seed_scene; strict_kg_pool; pure_clip_rank=1; kg_clip_rank=1; appears_in_both_rankings; matches_structured_conditions,,
M016,"On a rainy night, a bus travels along",英文,three_plus,D:\nuScenes\Trainval\nuScenes_Trainval10_blobs_camera\samples\CAM_BACK\n015-2018-11-21-19-58-31+0800__CAM_BACK__1542801716437525.jpg,57146b2ebf10432f84b15a3038fe1755,2,cfa36eca40364e5bb15f550a077a21c5,scene-1101,"Night, buses, peds, rain, right turn",rainy,night,singapore-hollandvillage,urban,40,"car:14,pedestrian:11,bus:2,traffic_cone:1",D:\NUSCENES\Trainval\nuScenes_Trainval10_blobs_camera\samples\CAM_BACK\n015-2018-11-21-19-38-26+0800__CAM_BACK__1542801007937525.jpg,CAM_BACK,False,True,10,4,0.33639317750930786,ok,2,0.33639317750930786,ok,True,True,strict_kg_pool; pure_clip_rank=4; kg_clip_rank=2; appears_in_both_rankings; matches_structured_conditions,,
M016,"On a rainy night, a bus travels along",英文,three_plus,D:\nuScenes\Trainval\nuScenes_Trainval10_blobs_camera\samples\CAM_BACK\n015-2018-11-21-19-58-31+0800__CAM_BACK__1542801716437525.jpg,57146b2ebf10432f84b15a3038fe1755,3,d3c39710e9da42f48b605824ce2a1927,scene-1108,"Night, wet front camera, rain, bus, wait at intersection, scooters",rainy,night,singapore-hollandvillage,intersection,40,"car:35,motorcycle:4,bus:2,pedestrian:2,trailer:1",D:\NUSCENES\Trainval\nuScenes_Trainval10_blobs_camera\samples\CAM_BACK\n015-2018-11-21-19-58-31+0800__CAM_BACK__1542801654287525.jpg,CAM_BACK,False,True,10,5,0.3355253338813782,ok,3,0.3355253338813782,ok,True,True,strict_kg_pool; pure_clip_rank=5; kg_clip_rank=3; appears_in_both_rankings; matches_structured_conditions,,
M016,"On a rainy night, a bus travels along",英文,three_plus,D:\nuScenes\Trainval\nuScenes_Trainval10_blobs_camera\samples\CAM_BACK\n015-2018-11-21-19-58-31+0800__CAM_BACK__1542801716437525.jpg,57146b2ebf10432f84b15a3038fe1755,4,7ed1b613f0ee47ceaf6d19ca3947f825,scene-1109,"Night, rain, bus, lightning",rainy,night,singapore-hollandvillage,urban,39,"car:25,pedestrian:3,bus:1",D:\NUSCENES\Trainval\nuScenes_Trainval10_blobs_camera\samples\CAM_BACK\n015-2018-11-21-19-58-31+0800__CAM_BACK__1542801694287525.jpg,CAM_BACK,False,True,10,8,0.33372724056243896,ok,4,0.33372724056243896,ok,True,True,strict_kg_pool; pure_clip_rank=8; kg_clip_rank=4; appears_in_both_rankings; matches_structured_conditions,,
M016,"On a rainy night, a bus travels along",英文,three_plus,D:\nuScenes\Trainval\nuScenes_Trainval10_blobs_camera\samples\CAM_BACK\n015-2018-11-21-19-58-31+0800__CAM_BACK__1542801716437525.jpg,57146b2ebf10432f84b15a3038fe1755,5,865c607c8ef44f13b39744a0de110740,scene-1074,"Night, rain, high speed, bus stop, bus, peds, parked bicycle",rainy,night,singapore-hollandvillage,bus_stop,40,"car:11,pedestrian:2,truck:2,bicycle:1,bus:1",D:\NUSCENES\Trainval\nuScenes_Trainval10_blobs_camera\samples\CAM_BACK\n015-2018-11-21-19-38-26+0800__CAM_BACK__1542800307937525.jpg,CAM_BACK,False,True,10,,,ok,5,0.328726589679718,ok,False,True,strict_kg_pool; kg_clip_rank=5; matches_structured_conditions,,
M016,"On a rainy night, a bus travels along",英文,three_plus,D:\nuScenes\Trainval\nuScenes_Trainval10_blobs_camera\samples\CAM_BACK\n015-2018-11-21-19-58-31+0800__CAM_BACK__1542801716437525.jpg,57146b2ebf10432f84b15a3038fe1755,6,89f20737ec344aa48b543a9e005a38ca,scene-1107,"Night, rain, high speed, scooter, dense traffic at other lane",rainy,night,singapore-hollandvillage,highway,41,"car:40,bus:2,construction_vehicle:2,motorcycle:2,pedestrian:1",D:\NUSCENES\Trainval\nuScenes_Trainval10_blobs_camera\samples\CAM_BACK\n015-2018-11-21-19-58-31+0800__CAM_BACK__1542801593937525.jpg,CAM_BACK,False,True,10,,,ok,6,0.32146739959716797,ok,False,True,strict_kg_pool; kg_clip_rank=6; matches_structured_conditions,,
M016,"On a rainy night, a bus travels along",英文,three_plus,D:\nuScenes\Trainval\nuScenes_Trainval10_blobs_camera\samples\CAM_BACK\n015-2018-11-21-19-58-31+0800__CAM_BACK__1542801716437525.jpg,57146b2ebf10432f84b15a3038fe1755,7,de7d80a1f5fb4c3e82ce8a4f213b450a,scene-1094,"Night, after rain, many peds, PMD, ped with bag, jaywalker, truck, scooter",rainy,night,singapore-hollandvillage,urban,40,"pedestrian:55,car:23,bicycle:3,bus:2,motorcycle:2",D:\NUSCENES\Trainval\nuScenes_Trainval10_blobs_camera\samples\CAM_BACK\n015-2018-11-21-19-38-26+0800__CAM_BACK__1542800847937525.jpg,CAM_BACK,False,True,10,,,ok,7,0.3178345561027527,ok,False,True,strict_kg_pool; kg_clip_rank=7; matches_structured_conditions,,
M016,"On a rainy night, a bus travels along",英文,three_plus,D:\nuScenes\Trainval\nuScenes_Trainval10_blobs_camera\samples\CAM_BACK\n015-2018-11-21-19-58-31+0800__CAM_BACK__1542801716437525.jpg,57146b2ebf10432f84b15a3038fe1755,8,cdeb0e85e43e481a87b2251351e10c2f,scene-1098,"Night, peds, scooter, bus, waiting at intersection",clear,night,singapore-hollandvillage,intersection,40,"car:19,pedestrian:17,bus:4,motorcycle:2",D:\NUSCENES\Trainval\nuScenes_Trainval10_blobs_camera\samples\CAM_BACK\n015-2018-11-21-19-38-26+0800__CAM_BACK__1542800947937525.jpg,CAM_BACK,False,False,10,2,0.3407946825027466,ok,,,ok,False,False,pure_clip_rank=2,,
M016,"On a rainy night, a bus travels along",英文,three_plus,D:\nuScenes\Trainval\nuScenes_Trainval10_blobs_camera\samples\CAM_BACK\n015-2018-11-21-19-58-31+0800__CAM_BACK__1542801716437525.jpg,57146b2ebf10432f84b15a3038fe1755,9,b57e1a48e584451f8f966ab083c8d07d,scene-1099,"Night, wait at busy intersection, peds, scooter on sidewalk, attempt to turn right",clear,night,singapore-hollandvillage,intersection,40,"car:22,pedestrian:15,bus:3,bicycle:1,motorcycle:1",D:\NUSCENES\Trainval\nuScenes_Trainval10_blobs_camera\samples\CAM_BACK\n015-2018-11-21-19-38-26+0800__CAM_BACK__1542800967937525.jpg,CAM_BACK,False,False,10,3,0.33860889077186584,ok,,,ok,False,False,pure_clip_rank=3,,
M016,"On a rainy night, a bus travels along",英文,three_plus,D:\nuScenes\Trainval\nuScenes_Trainval10_blobs_camera\samples\CAM_BACK\n015-2018-11-21-19-58-31+0800__CAM_BACK__1542801716437525.jpg,57146b2ebf10432f84b15a3038fe1755,10,567fcd99d0dc4fa088f52b047f4ebdcf,scene-1083,"Night, big street, bus, scooter, turn right",clear,night,singapore-hollandvillage,street,40,"car:31,pedestrian:11,bus:5,motorcycle:2",D:\NUSCENES\Trainval\nuScenes_Trainval10_blobs_camera\samples\CAM_BACK\n015-2018-11-21-19-38-26+0800__CAM_BACK__1542800507937525.jpg,CAM_BACK,False,False,10,6,0.3352107107639313,ok,,,ok,False,False,pure_clip_rank=6,,
M016,"On a rainy night, a bus travels along",英文,three_plus,D:\nuScenes\Trainval\nuScenes_Trainval10_blobs_camera\samples\CAM_BACK\n015-2018-11-21-19-58-31+0800__CAM_BACK__1542801716437525.jpg,57146b2ebf10432f84b15a3038fe1755,11,9544516643a14926bf750fc71c1b307d,scene-1049,"Night, bump, motorcycle, bus, high speed, trash bins, residential area",clear,night,singapore-hollandvillage,highway,40,"movable_object_pushable_pullable:69,car:17,traffic_cone:4,motorcycle:3,bus:1",D:\NUSCENES\Trainval\nuScenes_Trainval10_blobs_camera\samples\CAM_BACK\n015-2018-11-21-19-11-29+0800__CAM_BACK__1542798811637525.jpg,CAM_BACK,False,False,10,7,0.3338908553123474,ok,,,ok,False,False,pure_clip_rank=7,,
M016,"On a rainy night, a bus travels along",英文,three_plus,D:\nuScenes\Trainval\nuScenes_Trainval10_blobs_camera\samples\CAM_BACK\n015-2018-11-21-19-58-31+0800__CAM_BACK__1542801716437525.jpg,57146b2ebf10432f84b15a3038fe1755,12,e233467e827140efa4b42d2b4c435855,scene-1100,"Night, peds in sidewalk, peds cross crosswalk, scooter, PMD, difficult lighting",clear,night,singapore-hollandvillage,crosswalk,40,"car:16,pedestrian:11,motorcycle:3,bus:2",D:\NUSCENES\Trainval\nuScenes_Trainval10_blobs_camera\samples\CAM_BACK\n015-2018-11-21-19-38-26+0800__CAM_BACK__1542800987937525.jpg,CAM_BACK,False,False,10,9,0.3335492014884949,ok,,,ok,False,False,pure_clip_rank=9,,
M016,"On a rainy night, a bus travels along",英文,three_plus,D:\nuScenes\Trainval\nuScenes_Trainval10_blobs_camera\samples\CAM_BACK\n015-2018-11-21-19-58-31+0800__CAM_BACK__1542801716437525.jpg,57146b2ebf10432f84b15a3038fe1755,13,c949ec2cca7047bdb67dce64b6c3586a,scene-1078,"Night, big street, high speed, scooters, bus, lane change",clear,night,singapore-hollandvillage,highway,40,"car:37,barrier:4,movable_object_pushable_pullable:4,motorcycle:2,bus:1,construction_vehicle:1",D:\NUSCENES\Trainval\nuScenes_Trainval10_blobs_camera\samples\CAM_BACK\n015-2018-11-21-19-38-26+0800__CAM_BACK__1542800387937525.jpg,CAM_BACK,False,False,10,10,0.3325856626033783,ok,,,ok,False,False,pure_clip_rank=10,,
M016,"On a rainy night, a bus travels along",英文,three_plus,D:\nuScenes\Trainval\nuScenes_Trainval10_blobs_camera\samples\CAM_BACK\n015-2018-11-21-19-58-31+0800__CAM_BACK__1542801716437525.jpg,57146b2ebf10432f84b15a3038fe1755,14,a2b64d02c5fa4b9bab671a97561b6b33,scene-1095,"Night, rain, lane change, cross intersection, scooter, bus, arrive at intersection",rainy,night,singapore-hollandvillage,intersection,40,"pedestrian:26,car:11,motorcycle:4,bus:2,movable_object_pushable_pullable:1,traffic_cone:1",D:\NUSCENES\Trainval\nuScenes_Trainval10_blobs_camera\samples\CAM_BACK\n015-2018-11-21-19-38-26+0800__CAM_BACK__1542800867937525.jpg,CAM_BACK,False,True,10,,,ok,,,ok,False,True,strict_kg_pool; matches_structured_conditions,,
M016,"On a rainy night, a bus travels along",英文,three_plus,D:\nuScenes\Trainval\nuScenes_Trainval10_blobs_camera\samples\CAM_BACK\n015-2018-11-21-19-58-31+0800__CAM_BACK__1542801716437525.jpg,57146b2ebf10432f84b15a3038fe1755,15,e3b6fe9201c64334be311d4249a0c80e,scene-1104,"Night, truck, rain, cross intersection",rainy,night,singapore-hollandvillage,intersection,41,"car:32,motorcycle:3,bus:2,truck:2",D:\NUSCENES\Trainval\nuScenes_Trainval10_blobs_camera\samples\CAM_BACK\n015-2018-11-21-19-38-26+0800__CAM_BACK__1542801287937525.jpg,CAM_BACK,False,True,10,,,ok,,,ok,False,True,strict_kg_pool; matches_structured_conditions,,
M017,A traffic scene at an urban intersection,英文,open_semantic,D:\nuScenes\Trainval\nuScenes_Trainval06_blobs_camera\samples\CAM_FRONT_LEFT\n008-2018-09-18-13-41-50-0400__CAM_FRONT_LEFT__1537292929354799.jpg,a59b6db922ff490da5ccfc9980700935,1,a59b6db922ff490da5ccfc9980700935,scene-0593,"Rain, wait at intersection, peds crossing",rainy,day,boston-seaport,intersection,40,"car:23,pedestrian:5,truck:5,barrier:1,movable_object_pushable_pullable:1,traffic_cone:1,trailer:1",D:\NUSCENES\Trainval\nuScenes_Trainval06_blobs_camera\samples\CAM_FRONT_LEFT\n008-2018-09-18-13-41-50-0400__CAM_FRONT_LEFT__1537292923354799.jpg,CAM_FRONT_LEFT,True,True,69,2,0.3235261142253876,ok,1,0.3235261142253876,ok,True,True,seed_scene; strict_kg_pool; pure_clip_rank=2; kg_clip_rank=1; appears_in_both_rankings; matches_structured_conditions,,
M017,A traffic scene at an urban intersection,英文,open_semantic,D:\nuScenes\Trainval\nuScenes_Trainval06_blobs_camera\samples\CAM_FRONT_LEFT\n008-2018-09-18-13-41-50-0400__CAM_FRONT_LEFT__1537292929354799.jpg,a59b6db922ff490da5ccfc9980700935,2,6f83169d067343658251f72e1dd17dbc,scene-0553,"Wait at intersection, bicycle, large truck, peds crossing crosswalk, ped with stroller",clear,day,boston-seaport,intersection,41,"car:22,barrier:16,pedestrian:12,bus:2,truck:2,bicycle:1,movable_object_pushable_pullable:1,trailer:1",D:\NUSCENES\Trainval\nuScenes_Trainval06_blobs_camera\samples\CAM_FRONT_LEFT\n008-2018-08-28-16-43-51-0400__CAM_FRONT_LEFT__1535489296004799.jpg,CAM_FRONT_LEFT,False,True,69,3,0.32168102264404297,ok,2,0.32168102264404297,ok,True,True,strict_kg_pool; pure_clip_rank=3; kg_clip_rank=2; appears_in_both_rankings; matches_structured_conditions,,
M017,A traffic scene at an urban intersection,英文,open_semantic,D:\nuScenes\Trainval\nuScenes_Trainval06_blobs_camera\samples\CAM_FRONT_LEFT\n008-2018-09-18-13-41-50-0400__CAM_FRONT_LEFT__1537292929354799.jpg,a59b6db922ff490da5ccfc9980700935,3,cddd0d5be10b4313a859524952455f43,scene-0589,"Rain, turn right, cars waiting at intersection",rainy,day,boston-seaport,intersection,41,"car:25,traffic_cone:11,pedestrian:4,bus:1,construction_vehicle:1,truck:1",D:\NUSCENES\Trainval\nuScenes_Trainval06_blobs_camera\samples\CAM_FRONT_LEFT\n008-2018-09-18-13-41-50-0400__CAM_FRONT_LEFT__1537292771254799.jpg,CAM_FRONT_LEFT,False,True,69,5,0.31920701265335083,ok,3,0.31920701265335083,ok,True,True,strict_kg_pool; pure_clip_rank=5; kg_clip_rank=3; appears_in_both_rankings; matches_structured_conditions,,
M017,A traffic scene at an urban intersection,英文,open_semantic,D:\nuScenes\Trainval\nuScenes_Trainval06_blobs_camera\samples\CAM_FRONT_LEFT\n008-2018-09-18-13-41-50-0400__CAM_FRONT_LEFT__1537292929354799.jpg,a59b6db922ff490da5ccfc9980700935,4,f5b29a1e09d04355adcd60ab72de006b,scene-0638,"Rain, turn left, water reflections, jaywalker, parked cars",rainy,day,boston-seaport,intersection,41,"car:47,truck:12,pedestrian:5,traffic_cone:2,bicycle:1,trailer:1,vehicle_emergency_ambulance:1",D:\NUSCENES\Trainval\nuScenes_Trainval06_blobs_camera\samples\CAM_FRONT_LEFT\n008-2018-09-18-14-35-12-0400__CAM_FRONT_LEFT__1537296195854799.jpg,CAM_FRONT_LEFT,False,True,69,6,0.31885603070259094,ok,4,0.31885603070259094,ok,True,True,strict_kg_pool; pure_clip_rank=6; kg_clip_rank=4; appears_in_both_rankings; matches_structured_conditions,,
M017,A traffic scene at an urban intersection,英文,open_semantic,D:\nuScenes\Trainval\nuScenes_Trainval06_blobs_camera\samples\CAM_FRONT_LEFT\n008-2018-09-18-13-41-50-0400__CAM_FRONT_LEFT__1537292929354799.jpg,a59b6db922ff490da5ccfc9980700935,5,44c9089913db4d4ab839a2fcb35989ed,scene-0560,"Arrive at intersection, parked cars, statue, peds, ped with stroller, flag, bendy bus",clear,day,boston-seaport,intersection,40,"car:26,pedestrian:9,bus:4,construction_vehicle:2,truck:2,traffic_cone:1",D:\NUSCENES\Trainval\nuScenes_Trainval06_blobs_camera\samples\CAM_FRONT_LEFT\n008-2018-08-31-11-37-23-0400__CAM_FRONT_LEFT__1535730420904799.jpg,CAM_FRONT_LEFT,False,True,69,7,0.31643208861351013,ok,5,0.31643208861351013,ok,True,True,strict_kg_pool; pure_clip_rank=7; kg_clip_rank=5; appears_in_both_rankings; matches_structured_conditions,,
M017,A traffic scene at an urban intersection,英文,open_semantic,D:\nuScenes\Trainval\nuScenes_Trainval06_blobs_camera\samples\CAM_FRONT_LEFT\n008-2018-09-18-13-41-50-0400__CAM_FRONT_LEFT__1537292929354799.jpg,a59b6db922ff490da5ccfc9980700935,6,9c5dc664216e43a99d5da3f23d373e4d,scene-0592,"Rain, wait at intersection, turn left, huge truck, scooter",rainy,day,boston-seaport,intersection,41,"car:35,barrier:19,traffic_cone:15,pedestrian:8,truck:6,bicycle:2,bus:2,trailer:2,motorcycle:1",D:\NUSCENES\Trainval\nuScenes_Trainval06_blobs_camera\samples\CAM_FRONT_LEFT\n008-2018-09-18-13-41-50-0400__CAM_FRONT_LEFT__1537292871254799.jpg,CAM_FRONT_LEFT,False,True,69,9,0.3161396086215973,ok,6,0.3161396086215973,ok,True,True,strict_kg_pool; pure_clip_rank=9; kg_clip_rank=6; appears_in_both_rankings; matches_structured_conditions,,
M017,A traffic scene at an urban intersection,英文,open_semantic,D:\nuScenes\Trainval\nuScenes_Trainval06_blobs_camera\samples\CAM_FRONT_LEFT\n008-2018-09-18-13-41-50-0400__CAM_FRONT_LEFT__1537292929354799.jpg,a59b6db922ff490da5ccfc9980700935,7,d8a5dd6087de4e808c61c27f91e8216e,scene-0590,"Rain, cluster of traffic cones, wait at intersection, bendy bus",rainy,day,boston-seaport,intersection,40,"traffic_cone:23,car:12,bus:3,construction_vehicle:2,truck:2,pedestrian:1,trailer:1,vehicle_emergency_police:1",D:\NUSCENES\Trainval\nuScenes_Trainval06_blobs_camera\samples\CAM_FRONT_LEFT\n008-2018-09-18-13-41-50-0400__CAM_FRONT_LEFT__1537292791354799.jpg,CAM_FRONT_LEFT,False,True,69,10,0.31607553362846375,ok,7,0.31607553362846375,ok,True,True,strict_kg_pool; pure_clip_rank=10; kg_clip_rank=7; appears_in_both_rankings; matches_structured_conditions,,
M017,A traffic scene at an urban intersection,英文,open_semantic,D:\nuScenes\Trainval\nuScenes_Trainval06_blobs_camera\samples\CAM_FRONT_LEFT\n008-2018-09-18-13-41-50-0400__CAM_FRONT_LEFT__1537292929354799.jpg,a59b6db922ff490da5ccfc9980700935,8,1be49200788d4e38ae4496b27b233ccb,scene-1093,"Night, wait at intersection, peds crossing crosswalk, peds sidewalk, personal mobility device",clear,night,singapore-hollandvillage,intersection,41,"pedestrian:60,car:22,bicycle:2,motorcycle:1,truck:1",D:\NUSCENES\Trainval\nuScenes_Trainval10_blobs_camera\samples\CAM_FRONT_LEFT\n015-2018-11-21-19-38-26+0800__CAM_FRONT_LEFT__1542800827904844.jpg,CAM_FRONT_LEFT,False,True,69,,,ok,8,0.31526070833206177,ok,False,True,strict_kg_pool; kg_clip_rank=8; matches_structured_conditions,,
M017,A traffic scene at an urban intersection,英文,open_semantic,D:\nuScenes\Trainval\nuScenes_Trainval06_blobs_camera\samples\CAM_FRONT_LEFT\n008-2018-09-18-13-41-50-0400__CAM_FRONT_LEFT__1537292929354799.jpg,a59b6db922ff490da5ccfc9980700935,9,70e7d95ee1d1426fa84da44ddbf82d7a,scene-0546,"Wait at intersection, peds, parked cars, wait to turn right, peds crossing crosswalk",clear,day,boston-seaport,intersection,41,"car:34,pedestrian:10,truck:4",D:\NUSCENES\Trainval\nuScenes_Trainval06_blobs_camera\samples\CAM_FRONT_LEFT\n008-2018-08-30-15-52-26-0400__CAM_FRONT_LEFT__1535659587004799.jpg,CAM_FRONT_LEFT,False,True,69,,,ok,9,0.3150094747543335,ok,False,True,strict_kg_pool; kg_clip_rank=9; matches_structured_conditions,,
M017,A traffic scene at an urban intersection,英文,open_semantic,D:\nuScenes\Trainval\nuScenes_Trainval06_blobs_camera\samples\CAM_FRONT_LEFT\n008-2018-09-18-13-41-50-0400__CAM_FRONT_LEFT__1537292929354799.jpg,a59b6db922ff490da5ccfc9980700935,10,d2db9f5df62c4d338d3bed43f616b954,scene-1092,"Night, many peds, many trash cans, ped with bag, stopped taxi, delivery scooter, arrive at intersection",clear,night,singapore-hollandvillage,intersection,41,"pedestrian:40,car:15,movable_object_pushable_pullable:11,motorcycle:4",D:\NUSCENES\Trainval\nuScenes_Trainval10_blobs_camera\samples\CAM_FRONT_LEFT\n015-2018-11-21-19-38-26+0800__CAM_FRONT_LEFT__1542800787904844.jpg,CAM_FRONT_LEFT,False,True,69,,,ok,10,0.31493696570396423,ok,False,True,strict_kg_pool; kg_clip_rank=10; matches_structured_conditions,,
M017,A traffic scene at an urban intersection,英文,open_semantic,D:\nuScenes\Trainval\nuScenes_Trainval06_blobs_camera\samples\CAM_FRONT_LEFT\n008-2018-09-18-13-41-50-0400__CAM_FRONT_LEFT__1537292929354799.jpg,a59b6db922ff490da5ccfc9980700935,11,788c5502523f4d01b3a8de47ec3dadfb,scene-0541,"Parked truck, parked cars, pedestrian crossing",clear,day,boston-seaport,urban,41,"barrier:33,car:13,truck:12,trailer:6,construction_vehicle:2,pedestrian:1",D:\NUSCENES\Trainval\nuScenes_Trainval06_blobs_camera\samples\CAM_FRONT_LEFT\n008-2018-08-30-15-52-26-0400__CAM_FRONT_LEFT__1535659387004799.jpg,CAM_FRONT_LEFT,False,False,69,1,0.3307511806488037,ok,,,ok,False,False,pure_clip_rank=1,,
M017,A traffic scene at an urban intersection,英文,open_semantic,D:\nuScenes\Trainval\nuScenes_Trainval06_blobs_camera\samples\CAM_FRONT_LEFT\n008-2018-09-18-13-41-50-0400__CAM_FRONT_LEFT__1537292929354799.jpg,a59b6db922ff490da5ccfc9980700935,12,0ac05652a4c44374998be876ba5cd6fd,scene-0625,"Rain, peds, construction",rainy,day,boston-seaport,urban,40,"car:32,pedestrian:6,barrier:5,truck:3,bicycle:1,traffic_cone:1",D:\NUSCENES\Trainval\nuScenes_Trainval06_blobs_camera\samples\CAM_FRONT_LEFT\n008-2018-09-18-14-35-12-0400__CAM_FRONT_LEFT__1537295813854799.jpg,CAM_FRONT_LEFT,False,False,69,4,0.31997063755989075,ok,,,ok,False,False,pure_clip_rank=4,,
M017,A traffic scene at an urban intersection,英文,open_semantic,D:\nuScenes\Trainval\nuScenes_Trainval06_blobs_camera\samples\CAM_FRONT_LEFT\n008-2018-09-18-13-41-50-0400__CAM_FRONT_LEFT__1537292929354799.jpg,a59b6db922ff490da5ccfc9980700935,13,b829278aae2747959f2a95423455bbcb,scene-0597,"Rain, parked cars, peds and children, parked truck",rainy,day,boston-seaport,urban,40,"car:75,pedestrian:11,truck:7,traffic_cone:5,bicycle:3,bus:3,movable_object_pushable_pullable:2,motorcycle:1,trailer:1",D:\NUSCENES\Trainval\nuScenes_Trainval06_blobs_camera\samples\CAM_FRONT_LEFT\n008-2018-09-18-13-41-50-0400__CAM_FRONT_LEFT__1537293216254799.jpg,CAM_FRONT_LEFT,False,False,69,8,0.316282719373703,ok,,,ok,False,False,pure_clip_rank=8,,
M018,"On a clear day, a truck sits beside a barrier",英文,three_plus,D:\nuScenes\Trainval\nuScenes_Trainval06_blobs_camera\samples\CAM_FRONT_LEFT\n008-2018-08-31-11-37-23-0400__CAM_FRONT_LEFT__1535730498404799.jpg,30a1a4ccd60047b4a22ee3bf0645f3ad,1,30a1a4ccd60047b4a22ee3bf0645f3ad,scene-0562,"Parked cars, pedestrians, pedestrians on flyover, parked bicycles on bikeracks, barricades, passing below flyover",clear,day,boston-seaport,urban,40,"barrier:68,car:43,traffic_cone:19,pedestrian:12,truck:8,trailer:3,construction_vehicle:2,movable_object_pushable_pullable:2,bicycle:1,static_object_bicycle_rack:1",D:\NUSCENES\Trainval\nuScenes_Trainval06_blobs_camera\samples\CAM_FRONT_LEFT\n008-2018-08-31-11-37-23-0400__CAM_FRONT_LEFT__1535730494854799.jpg,CAM_FRONT_LEFT,True,True,15,,,ok,,,ok,False,True,seed_scene; strict_kg_pool; matches_structured_conditions,,
M018,"On a clear day, a truck sits beside a barrier",英文,three_plus,D:\nuScenes\Trainval\nuScenes_Trainval06_blobs_camera\samples\CAM_FRONT_LEFT\n008-2018-08-31-11-37-23-0400__CAM_FRONT_LEFT__1535730498404799.jpg,30a1a4ccd60047b4a22ee3bf0645f3ad,2,c7604a179ea94e45857ec2c16416e5ad,scene-0543,"Oncoming truck, pedestrian, parking lot, parked cars by the side",clear,day,boston-seaport,parking_lot,40,"car:60,truck:21,pedestrian:6,construction_vehicle:4,trailer:4,traffic_cone:3,barrier:2,vehicle_emergency_police:1",D:\NUSCENES\Trainval\nuScenes_Trainval06_blobs_camera\samples\CAM_FRONT_LEFT\n008-2018-08-30-15-52-26-0400__CAM_FRONT_LEFT__1535659467004799.jpg,CAM_FRONT_LEFT,False,True,15,3,0.3204779028892517,ok,1,0.3204779028892517,ok,True,True,strict_kg_pool; pure_clip_rank=3; kg_clip_rank=1; appears_in_both_rankings; matches_structured_conditions,,
M018,"On a clear day, a truck sits beside a barrier",英文,three_plus,D:\nuScenes\Trainval\nuScenes_Trainval06_blobs_camera\samples\CAM_FRONT_LEFT\n008-2018-08-31-11-37-23-0400__CAM_FRONT_LEFT__1535730498404799.jpg,30a1a4ccd60047b4a22ee3bf0645f3ad,3,08110c8640454affb5167801442a85fd,scene-0653,"Parked cars, jaywalkers, parked truck",clear,day,boston-seaport,urban,41,"car:52,truck:17,traffic_cone:15,trailer:11,pedestrian:5,barrier:3,motorcycle:3,bicycle:2,bus:1",D:\NUSCENES\Trainval\nuScenes_Trainval06_blobs_camera\samples\CAM_FRONT_LEFT\n008-2018-08-27-11-48-51-0400__CAM_FRONT_LEFT__1535385032104799.jpg,CAM_FRONT_LEFT,False,True,15,,,ok,2,0.31053951382637024,ok,False,True,strict_kg_pool; kg_clip_rank=2; matches_structured_conditions,,
M018,"On a clear day, a truck sits beside a barrier",英文,three_plus,D:\nuScenes\Trainval\nuScenes_Trainval06_blobs_camera\samples\CAM_FRONT_LEFT\n008-2018-08-31-11-37-23-0400__CAM_FRONT_LEFT__1535730498404799.jpg,30a1a4ccd60047b4a22ee3bf0645f3ad,4,491322eec05043c9907c59aa35b046ea,scene-0646,"Heavy, parking lot, truck, concrete barricades",clear,day,boston-seaport,parking_lot,40,"barrier:88,car:42,truck:14,bus:4,trailer:4,construction_vehicle:1,motorcycle:1,pedestrian:1",D:\NUSCENES\Trainval\nuScenes_Trainval06_blobs_camera\samples\CAM_FRONT_LEFT\n008-2018-09-18-14-43-59-0400__CAM_FRONT_LEFT__1537296464354799.jpg,CAM_FRONT_LEFT,False,True,15,,,ok,3,0.30516839027404785,ok,False,True,strict_kg_pool; kg_clip_rank=3; matches_structured_conditions,,
M018,"On a clear day, a truck sits beside a barrier",英文,three_plus,D:\nuScenes\Trainval\nuScenes_Trainval06_blobs_camera\samples\CAM_FRONT_LEFT\n008-2018-08-31-11-37-23-0400__CAM_FRONT_LEFT__1535730498404799.jpg,30a1a4ccd60047b4a22ee3bf0645f3ad,5,54f56f80350b4c07af598ee87cf3886a,scene-0565,"Turning right, pedestrian with suitcase, pedestrian, construction zone, parked car",clear,day,boston-seaport,urban,40,"car:22,traffic_cone:22,pedestrian:20,barrier:16,truck:9,trailer:5,movable_object_pushable_pullable:3,bus:1,construction_vehicle:1",D:\NUSCENES\Trainval\nuScenes_Trainval06_blobs_camera\samples\CAM_FRONT_LEFT\n008-2018-08-31-11-37-23-0400__CAM_FRONT_LEFT__1535730654854799.jpg,CAM_FRONT_LEFT,False,True,15,,,ok,4,0.30488482117652893,ok,False,True,strict_kg_pool; kg_clip_rank=4; matches_structured_conditions,,
M018,"On a clear day, a truck sits beside a barrier",英文,three_plus,D:\nuScenes\Trainval\nuScenes_Trainval06_blobs_camera\samples\CAM_FRONT_LEFT\n008-2018-08-31-11-37-23-0400__CAM_FRONT_LEFT__1535730498404799.jpg,30a1a4ccd60047b4a22ee3bf0645f3ad,6,788c5502523f4d01b3a8de47ec3dadfb,scene-0541,"Parked truck, parked cars, pedestrian crossing",clear,day,boston-seaport,urban,41,"barrier:33,car:13,truck:12,trailer:6,construction_vehicle:2,pedestrian:1",D:\NUSCENES\Trainval\nuScenes_Trainval06_blobs_camera\samples\CAM_FRONT_LEFT\n008-2018-08-30-15-52-26-0400__CAM_FRONT_LEFT__1535659387004799.jpg,CAM_FRONT_LEFT,False,True,15,,,ok,5,0.30267831683158875,ok,False,True,strict_kg_pool; kg_clip_rank=5; matches_structured_conditions,,
M018,"On a clear day, a truck sits beside a barrier",英文,three_plus,D:\nuScenes\Trainval\nuScenes_Trainval06_blobs_camera\samples\CAM_FRONT_LEFT\n008-2018-08-31-11-37-23-0400__CAM_FRONT_LEFT__1535730498404799.jpg,30a1a4ccd60047b4a22ee3bf0645f3ad,7,3363f396bb43405fbdd17d65dc123d4e,scene-0555,"Cross intersection, construction, big truck",clear,day,boston-seaport,intersection,40,"barrier:43,car:28,pedestrian:20,traffic_cone:12,construction_vehicle:1,trailer:1,truck:1",D:\NUSCENES\Trainval\nuScenes_Trainval06_blobs_camera\samples\CAM_FRONT_LEFT\n008-2018-08-28-16-43-51-0400__CAM_FRONT_LEFT__1535489336004799.jpg,CAM_FRONT_LEFT,False,True,15,,,ok,6,0.30096787214279175,ok,False,True,strict_kg_pool; kg_clip_rank=6; matches_structured_conditions,,
M018,"On a clear day, a truck sits beside a barrier",英文,three_plus,D:\nuScenes\Trainval\nuScenes_Trainval06_blobs_camera\samples\CAM_FRONT_LEFT\n008-2018-08-31-11-37-23-0400__CAM_FRONT_LEFT__1535730498404799.jpg,30a1a4ccd60047b4a22ee3bf0645f3ad,8,f2541977a00a448db9b46a32187d9059,scene-0554,"Wait at intersection, ped crossing, ped with stroller, cyclist, barriers",clear,day,boston-seaport,intersection,41,"barrier:23,car:13,pedestrian:13,traffic_cone:2,bicycle:1,movable_object_pushable_pullable:1,trailer:1,truck:1",D:\NUSCENES\Trainval\nuScenes_Trainval06_blobs_camera\samples\CAM_FRONT_LEFT\n008-2018-08-28-16-43-51-0400__CAM_FRONT_LEFT__1535489316004799.jpg,CAM_FRONT_LEFT,False,True,15,,,ok,7,0.2961049973964691,ok,False,True,strict_kg_pool; kg_clip_rank=7; matches_structured_conditions,,
M018,"On a clear day, a truck sits beside a barrier",英文,three_plus,D:\nuScenes\Trainval\nuScenes_Trainval06_blobs_camera\samples\CAM_FRONT_LEFT\n008-2018-08-31-11-37-23-0400__CAM_FRONT_LEFT__1535730498404799.jpg,30a1a4ccd60047b4a22ee3bf0645f3ad,9,6f83169d067343658251f72e1dd17dbc,scene-0553,"Wait at intersection, bicycle, large truck, peds crossing crosswalk, ped with stroller",clear,day,boston-seaport,intersection,41,"car:22,barrier:16,pedestrian:12,bus:2,truck:2,bicycle:1,movable_object_pushable_pullable:1,trailer:1",D:\NUSCENES\Trainval\nuScenes_Trainval06_blobs_camera\samples\CAM_FRONT_LEFT\n008-2018-08-28-16-43-51-0400__CAM_FRONT_LEFT__1535489296004799.jpg,CAM_FRONT_LEFT,False,True,15,,,ok,8,0.29575490951538086,ok,False,True,strict_kg_pool; kg_clip_rank=8; matches_structured_conditions,,
M018,"On a clear day, a truck sits beside a barrier",英文,three_plus,D:\nuScenes\Trainval\nuScenes_Trainval06_blobs_camera\samples\CAM_FRONT_LEFT\n008-2018-08-31-11-37-23-0400__CAM_FRONT_LEFT__1535730498404799.jpg,30a1a4ccd60047b4a22ee3bf0645f3ad,10,84e056bd8e994362a37cba45c0f75558,scene-0564,"Parked car, pedestrian, turning right, construction zone",clear,day,boston-seaport,urban,40,"car:47,barrier:20,truck:9,pedestrian:6,traffic_cone:3,bus:2,movable_object_pushable_pullable:1,trailer:1",D:\NUSCENES\Trainval\nuScenes_Trainval06_blobs_camera\samples\CAM_FRONT_LEFT\n008-2018-08-31-11-37-23-0400__CAM_FRONT_LEFT__1535730634904799.jpg,CAM_FRONT_LEFT,False,True,15,,,ok,9,0.29360806941986084,ok,False,True,strict_kg_pool; kg_clip_rank=9; matches_structured_conditions,,
M018,"On a clear day, a truck sits beside a barrier",英文,three_plus,D:\nuScenes\Trainval\nuScenes_Trainval06_blobs_camera\samples\CAM_FRONT_LEFT\n008-2018-08-31-11-37-23-0400__CAM_FRONT_LEFT__1535730498404799.jpg,30a1a4ccd60047b4a22ee3bf0645f3ad,11,9056ac9944e846109b00e31cc96259cb,scene-0654,"Turn right, crane, policemen on road, parked cars",clear,day,boston-seaport,urban,40,"barrier:47,car:26,truck:11,pedestrian:6,trailer:4,construction_vehicle:3,traffic_cone:3,motorcycle:1",D:\NUSCENES\Trainval\nuScenes_Trainval06_blobs_camera\samples\CAM_FRONT_LEFT\n008-2018-08-27-11-48-51-0400__CAM_FRONT_LEFT__1535385052104799.jpg,CAM_FRONT_LEFT,False,True,15,,,ok,10,0.29234057664871216,ok,False,True,strict_kg_pool; kg_clip_rank=10; matches_structured_conditions,,
M018,"On a clear day, a truck sits beside a barrier",英文,three_plus,D:\nuScenes\Trainval\nuScenes_Trainval06_blobs_camera\samples\CAM_FRONT_LEFT\n008-2018-08-31-11-37-23-0400__CAM_FRONT_LEFT__1535730498404799.jpg,30a1a4ccd60047b4a22ee3bf0645f3ad,12,b829278aae2747959f2a95423455bbcb,scene-0597,"Rain, parked cars, peds and children, parked truck",rainy,day,boston-seaport,urban,40,"car:75,pedestrian:11,truck:7,traffic_cone:5,bicycle:3,bus:3,movable_object_pushable_pullable:2,motorcycle:1,trailer:1",D:\NUSCENES\Trainval\nuScenes_Trainval06_blobs_camera\samples\CAM_FRONT_LEFT\n008-2018-09-18-13-41-50-0400__CAM_FRONT_LEFT__1537293216254799.jpg,CAM_FRONT_LEFT,False,False,15,1,0.32533714175224304,ok,,,ok,False,False,pure_clip_rank=1,,
M018,"On a clear day, a truck sits beside a barrier",英文,three_plus,D:\nuScenes\Trainval\nuScenes_Trainval06_blobs_camera\samples\CAM_FRONT_LEFT\n008-2018-08-31-11-37-23-0400__CAM_FRONT_LEFT__1535730498404799.jpg,30a1a4ccd60047b4a22ee3bf0645f3ad,13,991d65cab952449a821deb32e971ff19,scene-0629,"Rain, industrial, turn twice",rainy,day,boston-seaport,urban,40,"car:41,truck:25,barrier:21,traffic_cone:9,trailer:7,animal:2,construction_vehicle:2",D:\NUSCENES\Trainval\nuScenes_Trainval06_blobs_camera\samples\CAM_FRONT_LEFT\n008-2018-09-18-14-35-12-0400__CAM_FRONT_LEFT__1537295913854799.jpg,CAM_FRONT_LEFT,False,False,15,2,0.32324254512786865,ok,,,ok,False,False,pure_clip_rank=2,,
M018,"On a clear day, a truck sits beside a barrier",英文,three_plus,D:\nuScenes\Trainval\nuScenes_Trainval06_blobs_camera\samples\CAM_FRONT_LEFT\n008-2018-08-31-11-37-23-0400__CAM_FRONT_LEFT__1535730498404799.jpg,30a1a4ccd60047b4a22ee3bf0645f3ad,14,73b16c26a0d24c7a841e4cbe5d0d7878,scene-0580,"Rain, long street, parked car",rainy,day,boston-seaport,street,41,"car:40,truck:18,construction_vehicle:7,trailer:1",D:\NUSCENES\Trainval\nuScenes_Trainval06_blobs_camera\samples\CAM_FRONT_LEFT\n008-2018-09-18-13-10-39-0400__CAM_FRONT_LEFT__1537291061254799.jpg,CAM_FRONT_LEFT,False,False,15,4,0.3172970116138458,ok,,,ok,False,False,pure_clip_rank=4,,
M018,"On a clear day, a truck sits beside a barrier",英文,three_plus,D:\nuScenes\Trainval\nuScenes_Trainval06_blobs_camera\samples\CAM_FRONT_LEFT\n008-2018-08-31-11-37-23-0400__CAM_FRONT_LEFT__1535730498404799.jpg,30a1a4ccd60047b4a22ee3bf0645f3ad,15,d4c5db6faa9f443795ad86561e9e556e,scene-0599,"Rain, peds, construction, turn right, containers, cyclist",rainy,day,boston-seaport,urban,40,"barrier:68,trailer:23,traffic_cone:15,truck:11,car:9,bus:5,pedestrian:5,bicycle:1,construction_vehicle:1,movable_object_debris:1",D:\NUSCENES\Trainval\nuScenes_Trainval06_blobs_camera\samples\CAM_FRONT_LEFT\n008-2018-09-18-13-41-50-0400__CAM_FRONT_LEFT__1537293296254799.jpg,CAM_FRONT_LEFT,False,False,15,5,0.31726938486099243,ok,,,ok,False,False,pure_clip_rank=5,,
M019,"intersection,truck",英文,two_condition,D:\nuScenes\Trainval\nuScenes_Trainval06_blobs_camera\samples\CAM_BACK\n008-2018-09-18-13-41-50-0400__CAM_BACK__1537293235437558.jpg,b829278aae2747959f2a95423455bbcb,1,b829278aae2747959f2a95423455bbcb,scene-0597,"Rain, parked cars, peds and children, parked truck",rainy,day,boston-seaport,urban,40,"car:75,pedestrian:11,truck:7,traffic_cone:5,bicycle:3,bus:3,movable_object_pushable_pullable:2,motorcycle:1,trailer:1",D:\NUSCENES\Trainval\nuScenes_Trainval06_blobs_camera\samples\CAM_BACK\n008-2018-09-18-13-41-50-0400__CAM_BACK__1537293216287558.jpg,CAM_BACK,True,False,55,,,ok,,,ok,False,False,seed_scene,,
M019,"intersection,truck",英文,two_condition,D:\nuScenes\Trainval\nuScenes_Trainval06_blobs_camera\samples\CAM_BACK\n008-2018-09-18-13-41-50-0400__CAM_BACK__1537293235437558.jpg,b829278aae2747959f2a95423455bbcb,2,e8834785d9ff4783a5950281a4579943,scene-1068,"Night, wait at intersection, motorcycle, turn left",clear,night,singapore-hollandvillage,intersection,40,"car:18,motorcycle:1,pedestrian:1,truck:1",D:\NUSCENES\Trainval\nuScenes_Trainval10_blobs_camera\samples\CAM_BACK\n015-2018-11-21-19-21-35+0800__CAM_BACK__1542799602137525.jpg,CAM_BACK,False,True,55,2,0.30400028824806213,ok,1,0.30400028824806213,ok,True,True,strict_kg_pool; pure_clip_rank=2; kg_clip_rank=1; appears_in_both_rankings; matches_structured_conditions,,
M019,"intersection,truck",英文,two_condition,D:\nuScenes\Trainval\nuScenes_Trainval06_blobs_camera\samples\CAM_BACK\n008-2018-09-18-13-41-50-0400__CAM_BACK__1537293235437558.jpg,b829278aae2747959f2a95423455bbcb,3,6498fce2f38645fc9bf9d4464b159230,scene-1073,"Night, scooters, turn left, dense traffic",clear,night,singapore-hollandvillage,intersection,40,"car:34,motorcycle:3,truck:2",D:\NUSCENES\Trainval\nuScenes_Trainval10_blobs_camera\samples\CAM_BACK\n015-2018-11-21-19-21-35+0800__CAM_BACK__1542799742537525.jpg,CAM_BACK,False,True,55,4,0.29666373133659363,ok,2,0.29666373133659363,ok,True,True,strict_kg_pool; pure_clip_rank=4; kg_clip_rank=2; appears_in_both_rankings; matches_structured_conditions,,
M019,"intersection,truck",英文,two_condition,D:\nuScenes\Trainval\nuScenes_Trainval06_blobs_camera\samples\CAM_BACK\n008-2018-09-18-13-41-50-0400__CAM_BACK__1537293235437558.jpg,b829278aae2747959f2a95423455bbcb,4,e3b6fe9201c64334be311d4249a0c80e,scene-1104,"Night, truck, rain, cross intersection",rainy,night,singapore-hollandvillage,intersection,41,"car:32,motorcycle:3,bus:2,truck:2",D:\NUSCENES\Trainval\nuScenes_Trainval10_blobs_camera\samples\CAM_BACK\n015-2018-11-21-19-38-26+0800__CAM_BACK__1542801287937525.jpg,CAM_BACK,False,True,55,6,0.2941528260707855,ok,3,0.2941528260707855,ok,True,True,strict_kg_pool; pure_clip_rank=6; kg_clip_rank=3; appears_in_both_rankings; matches_structured_conditions,,
M019,"intersection,truck",英文,two_condition,D:\nuScenes\Trainval\nuScenes_Trainval06_blobs_camera\samples\CAM_BACK\n008-2018-09-18-13-41-50-0400__CAM_BACK__1537293235437558.jpg,b829278aae2747959f2a95423455bbcb,5,7061c4fa99a44d02af4a3e2689be4457,scene-1076,"Night, trash cans, scooter, ped, turn left",clear,night,singapore-hollandvillage,intersection,41,"movable_object_pushable_pullable:32,car:24,traffic_cone:4,motorcycle:2,pedestrian:1,truck:1",D:\NUSCENES\Trainval\nuScenes_Trainval10_blobs_camera\samples\CAM_BACK\n015-2018-11-21-19-38-26+0800__CAM_BACK__1542800347937525.jpg,CAM_BACK,False,True,55,9,0.2930435836315155,ok,4,0.2930435836315155,ok,True,True,strict_kg_pool; pure_clip_rank=9; kg_clip_rank=4; appears_in_both_rankings; matches_structured_conditions,,
M019,"intersection,truck",英文,two_condition,D:\nuScenes\Trainval\nuScenes_Trainval06_blobs_camera\samples\CAM_BACK\n008-2018-09-18-13-41-50-0400__CAM_BACK__1537293235437558.jpg,b829278aae2747959f2a95423455bbcb,6,4f679c8f8f6d4f5d8466253dda4733ba,scene-1046,"Night, wait at intersection, dense traffic, motorcycle, bus",clear,night,singapore-hollandvillage,intersection,40,"car:31,bus:2,motorcycle:2,movable_object_pushable_pullable:2,truck:2,pedestrian:1",D:\NUSCENES\Trainval\nuScenes_Trainval10_blobs_camera\samples\CAM_BACK\n015-2018-11-21-19-11-29+0800__CAM_BACK__1542798731637525.jpg,CAM_BACK,False,True,55,10,0.2929569184780121,ok,5,0.2929569184780121,ok,True,True,strict_kg_pool; pure_clip_rank=10; kg_clip_rank=5; appears_in_both_rankings; matches_structured_conditions,,
M019,"intersection,truck",英文,two_condition,D:\nuScenes\Trainval\nuScenes_Trainval06_blobs_camera\samples\CAM_BACK\n008-2018-09-18-13-41-50-0400__CAM_BACK__1537293235437558.jpg,b829278aae2747959f2a95423455bbcb,7,8d8728879b89405eba3f8ce1af138cb2,scene-1045,"Night, wait at intersection, dense traffic, motorcycles, truck",clear,night,singapore-hollandvillage,intersection,41,"car:24,bus:3,movable_object_pushable_pullable:3,motorcycle:2,truck:2,pedestrian:1",D:\NUSCENES\Trainval\nuScenes_Trainval10_blobs_camera\samples\CAM_BACK\n015-2018-11-21-19-11-29+0800__CAM_BACK__1542798711637525.jpg,CAM_BACK,False,True,55,,,ok,6,0.28186631202697754,ok,False,True,strict_kg_pool; kg_clip_rank=6; matches_structured_conditions,,
M019,"intersection,truck",英文,two_condition,D:\nuScenes\Trainval\nuScenes_Trainval06_blobs_camera\samples\CAM_BACK\n008-2018-09-18-13-41-50-0400__CAM_BACK__1537293235437558.jpg,b829278aae2747959f2a95423455bbcb,8,04e5f089805540a5a9e73c1b7c54ee8c,scene-1102,"Night, rain, scooter, cars, high speed, cross intersection, arrive at intersection",rainy,night,singapore-hollandvillage,intersection,40,"car:16,barrier:11,construction_vehicle:1,motorcycle:1,truck:1",D:\NUSCENES\Trainval\nuScenes_Trainval10_blobs_camera\samples\CAM_BACK\n015-2018-11-21-19-38-26+0800__CAM_BACK__1542801247937525.jpg,CAM_BACK,False,True,55,,,ok,7,0.27988702058792114,ok,False,True,strict_kg_pool; kg_clip_rank=7; matches_structured_conditions,,
M019,"intersection,truck",英文,two_condition,D:\nuScenes\Trainval\nuScenes_Trainval06_blobs_camera\samples\CAM_BACK\n008-2018-09-18-13-41-50-0400__CAM_BACK__1537293235437558.jpg,b829278aae2747959f2a95423455bbcb,9,8d267899e2e843d4905fafd1f12c0a20,scene-1085,"Night, many peds, parked bicycles, turn left, parked scooters, congestion, peds with bags, cars in parking garage on second floor, trash cans",clear,night,singapore-hollandvillage,intersection,41,"pedestrian:50,car:28,bicycle:6,movable_object_pushable_pullable:5,motorcycle:4,truck:1",D:\NUSCENES\Trainval\nuScenes_Trainval10_blobs_camera\samples\CAM_BACK\n015-2018-11-21-19-38-26+0800__CAM_BACK__1542800547937525.jpg,CAM_BACK,False,True,55,,,ok,8,0.27964967489242554,ok,False,True,strict_kg_pool; kg_clip_rank=8; matches_structured_conditions,,
M019,"intersection,truck",英文,two_condition,D:\nuScenes\Trainval\nuScenes_Trainval06_blobs_camera\samples\CAM_BACK\n008-2018-09-18-13-41-50-0400__CAM_BACK__1537293235437558.jpg,b829278aae2747959f2a95423455bbcb,10,f634de95cc7043b8b38ceaac67d472cf,scene-1044,"Night, motorcycles, dense traffic, congestion, arrive at intersection",clear,night,singapore-hollandvillage,intersection,41,"car:30,movable_object_pushable_pullable:7,bus:2,motorcycle:2,truck:2,barrier:1,pedestrian:1",D:\NUSCENES\Trainval\nuScenes_Trainval10_blobs_camera\samples\CAM_BACK\n015-2018-11-21-19-11-29+0800__CAM_BACK__1542798691637525.jpg,CAM_BACK,False,True,55,,,ok,9,0.2779381275177002,ok,False,True,strict_kg_pool; kg_clip_rank=9; matches_structured_conditions,,
M019,"intersection,truck",英文,two_condition,D:\nuScenes\Trainval\nuScenes_Trainval06_blobs_camera\samples\CAM_BACK\n008-2018-09-18-13-41-50-0400__CAM_BACK__1537293235437558.jpg,b829278aae2747959f2a95423455bbcb,11,1be49200788d4e38ae4496b27b233ccb,scene-1093,"Night, wait at intersection, peds crossing crosswalk, peds sidewalk, personal mobility device",clear,night,singapore-hollandvillage,intersection,41,"pedestrian:60,car:22,bicycle:2,motorcycle:1,truck:1",D:\NUSCENES\Trainval\nuScenes_Trainval10_blobs_camera\samples\CAM_BACK\n015-2018-11-21-19-38-26+0800__CAM_BACK__1542800827937525.jpg,CAM_BACK,False,True,55,,,ok,10,0.2713807225227356,ok,False,True,strict_kg_pool; kg_clip_rank=10; matches_structured_conditions,,
M019,"intersection,truck",英文,two_condition,D:\nuScenes\Trainval\nuScenes_Trainval06_blobs_camera\samples\CAM_BACK\n008-2018-09-18-13-41-50-0400__CAM_BACK__1537293235437558.jpg,b829278aae2747959f2a95423455bbcb,12,2175d0e84f224ea69907e5c338bde395,scene-1048,"Night, dense traffic, congestion, motorcycle, turn right",clear,night,singapore-hollandvillage,urban,40,"car:52,movable_object_pushable_pullable:7,traffic_cone:3,truck:3,motorcycle:1",D:\NUSCENES\Trainval\nuScenes_Trainval10_blobs_camera\samples\CAM_BACK\n015-2018-11-21-19-11-29+0800__CAM_BACK__1542798791637525.jpg,CAM_BACK,False,False,55,1,0.30968722701072693,ok,,,ok,False,False,pure_clip_rank=1,,
M019,"intersection,truck",英文,two_condition,D:\nuScenes\Trainval\nuScenes_Trainval06_blobs_camera\samples\CAM_BACK\n008-2018-09-18-13-41-50-0400__CAM_BACK__1537293235437558.jpg,b829278aae2747959f2a95423455bbcb,13,a1e7cd557b9541dbb00822ea0c56204b,scene-1080,"Night, big street, dense traffic, scooters",clear,night,singapore-hollandvillage,street,40,"car:44,motorcycle:3,pedestrian:3",D:\NUSCENES\Trainval\nuScenes_Trainval10_blobs_camera\samples\CAM_BACK\n015-2018-11-21-19-38-26+0800__CAM_BACK__1542800427937525.jpg,CAM_BACK,False,False,55,3,0.3004939556121826,ok,,,ok,False,False,pure_clip_rank=3,,
M019,"intersection,truck",英文,two_condition,D:\nuScenes\Trainval\nuScenes_Trainval06_blobs_camera\samples\CAM_BACK\n008-2018-09-18-13-41-50-0400__CAM_BACK__1537293235437558.jpg,b829278aae2747959f2a95423455bbcb,14,34a9823fac0d4b9db30898e00b5f9f9c,scene-1017,"Night, ped, cars, bump, scooter, congestion",clear,night,singapore-queenstown,urban,40,"car:33,pedestrian:23,bus:2,bicycle:1,motorcycle:1,traffic_cone:1",D:\NUSCENES\Trainval\nuScenes_Trainval10_blobs_camera\samples\CAM_BACK\n015-2018-11-14-19-09-14+0800__CAM_BACK__1542194055137525.jpg,CAM_BACK,False,False,55,5,0.2946352958679199,ok,,,ok,False,False,pure_clip_rank=5,,
M019,"intersection,truck",英文,two_condition,D:\nuScenes\Trainval\nuScenes_Trainval06_blobs_camera\samples\CAM_BACK\n008-2018-09-18-13-41-50-0400__CAM_BACK__1537293235437558.jpg,b829278aae2747959f2a95423455bbcb,15,f97bf749746c4c3a8ad9f1c11eab6444,scene-1064,"Night, trash cans, wait for scooter, turn right, parking lot",clear,night,singapore-hollandvillage,parking_lot,40,"car:9,movable_object_pushable_pullable:9,motorcycle:1",D:\NUSCENES\Trainval\nuScenes_Trainval10_blobs_camera\samples\CAM_BACK\n015-2018-11-21-19-21-35+0800__CAM_BACK__1542799522387525.jpg,CAM_BACK,False,False,55,7,0.29348915815353394,ok,,,ok,False,False,pure_clip_rank=7,,
M020,"On a rainy daytime, construction vehicles are at work, traffic cones lines,and pedestrians weave their way through",英文,three_plus,D:\nuScenes\Trainval\nuScenes_Trainval06_blobs_camera\samples\CAM_BACK\n008-2018-09-18-13-41-50-0400__CAM_BACK__1537292701137558.jpg,64eef73c4f564a3db415e965f6460012,1,64eef73c4f564a3db415e965f6460012,scene-0586,"Rain, construction, parked car, close to intersection",rainy,day,boston-seaport,intersection,41,"barrier:100,traffic_cone:33,car:23,truck:15,construction_vehicle:8,pedestrian:8,trailer:2,bicycle:1",D:\NUSCENES\Trainval\nuScenes_Trainval06_blobs_camera\samples\CAM_BACK\n008-2018-09-18-13-41-50-0400__CAM_BACK__1537292691287558.jpg,CAM_BACK,True,True,23,,,ok,10,0.3173307776451111,ok,False,True,seed_scene; strict_kg_pool; kg_clip_rank=10; matches_structured_conditions,,
M020,"On a rainy daytime, construction vehicles are at work, traffic cones lines,and pedestrians weave their way through",英文,three_plus,D:\nuScenes\Trainval\nuScenes_Trainval06_blobs_camera\samples\CAM_BACK\n008-2018-09-18-13-41-50-0400__CAM_BACK__1537292701137558.jpg,64eef73c4f564a3db415e965f6460012,2,e02aee6f1fec4d13ad77044466da5fb4,scene-0641,"Rain, cross intersection, parked cars, change lane, arrive at intersection",rainy,day,boston-seaport,intersection,40,"car:32,barrier:15,pedestrian:8,truck:5,traffic_cone:4,construction_vehicle:3,bus:2,trailer:1",D:\NUSCENES\Trainval\nuScenes_Trainval06_blobs_camera\samples\CAM_BACK\n008-2018-09-18-14-43-59-0400__CAM_BACK__1537296364287567.jpg,CAM_BACK,False,True,23,2,0.33254215121269226,ok,1,0.33254215121269226,ok,True,True,strict_kg_pool; pure_clip_rank=2; kg_clip_rank=1; appears_in_both_rankings; matches_structured_conditions,,
M020,"On a rainy daytime, construction vehicles are at work, traffic cones lines,and pedestrians weave their way through",英文,three_plus,D:\nuScenes\Trainval\nuScenes_Trainval06_blobs_camera\samples\CAM_BACK\n008-2018-09-18-13-41-50-0400__CAM_BACK__1537292701137558.jpg,64eef73c4f564a3db415e965f6460012,3,cddd0d5be10b4313a859524952455f43,scene-0589,"Rain, turn right, cars waiting at intersection",rainy,day,boston-seaport,intersection,41,"car:25,traffic_cone:11,pedestrian:4,bus:1,construction_vehicle:1,truck:1",D:\NUSCENES\Trainval\nuScenes_Trainval06_blobs_camera\samples\CAM_BACK\n008-2018-09-18-13-41-50-0400__CAM_BACK__1537292771287558.jpg,CAM_BACK,False,True,23,4,0.326469361782074,ok,2,0.326469361782074,ok,True,True,strict_kg_pool; pure_clip_rank=4; kg_clip_rank=2; appears_in_both_rankings; matches_structured_conditions,,
M020,"On a rainy daytime, construction vehicles are at work, traffic cones lines,and pedestrians weave their way through",英文,three_plus,D:\nuScenes\Trainval\nuScenes_Trainval06_blobs_camera\samples\CAM_BACK\n008-2018-09-18-13-41-50-0400__CAM_BACK__1537292701137558.jpg,64eef73c4f564a3db415e965f6460012,4,9088db17416043e5880a53178bfa461c,scene-0633,"Rain, industrial, parked trucks at parking lot",rainy,day,boston-seaport,parking_lot,40,"car:23,traffic_cone:13,truck:13,trailer:8,barrier:3,pedestrian:2,construction_vehicle:1",D:\NUSCENES\Trainval\nuScenes_Trainval06_blobs_camera\samples\CAM_BACK\n008-2018-09-18-14-35-12-0400__CAM_BACK__1537296035887558.jpg,CAM_BACK,False,True,23,5,0.3243037462234497,ok,3,0.3243037462234497,ok,True,True,strict_kg_pool; pure_clip_rank=5; kg_clip_rank=3; appears_in_both_rankings; matches_structured_conditions,,
M020,"On a rainy daytime, construction vehicles are at work, traffic cones lines,and pedestrians weave their way through",英文,three_plus,D:\nuScenes\Trainval\nuScenes_Trainval06_blobs_camera\samples\CAM_BACK\n008-2018-09-18-13-41-50-0400__CAM_BACK__1537292701137558.jpg,64eef73c4f564a3db415e965f6460012,5,66461d94f2e44d39a90843ff2dce11e8,scene-0594,"Rain, turn right, arrive at intersection, big trucks",rainy,day,boston-seaport,intersection,40,"car:39,traffic_cone:37,barrier:27,pedestrian:9,truck:9,trailer:3,construction_vehicle:1,movable_object_pushable_pullable:1",D:\NUSCENES\Trainval\nuScenes_Trainval06_blobs_camera\samples\CAM_BACK\n008-2018-09-18-13-41-50-0400__CAM_BACK__1537292943387558.jpg,CAM_BACK,False,True,23,7,0.3217061161994934,ok,4,0.3217061161994934,ok,True,True,strict_kg_pool; pure_clip_rank=7; kg_clip_rank=4; appears_in_both_rankings; matches_structured_conditions,,
M020,"On a rainy daytime, construction vehicles are at work, traffic cones lines,and pedestrians weave their way through",英文,three_plus,D:\nuScenes\Trainval\nuScenes_Trainval06_blobs_camera\samples\CAM_BACK\n008-2018-09-18-13-41-50-0400__CAM_BACK__1537292701137558.jpg,64eef73c4f564a3db415e965f6460012,6,4bcb814456f044919bc052c208dbebc5,scene-0644,"Rain, parked cars, parking lot, ped, parked truck, construction vehicle, sign trailer",rainy,day,boston-seaport,parking_lot,40,"car:63,truck:12,construction_vehicle:7,traffic_cone:6,trailer:4,pedestrian:3,barrier:2",D:\NUSCENES\Trainval\nuScenes_Trainval06_blobs_camera\samples\CAM_BACK\n008-2018-09-18-14-43-59-0400__CAM_BACK__1537296424387558.jpg,CAM_BACK,False,True,23,8,0.3200342357158661,ok,5,0.3200342357158661,ok,True,True,strict_kg_pool; pure_clip_rank=8; kg_clip_rank=5; appears_in_both_rankings; matches_structured_conditions,,
M020,"On a rainy daytime, construction vehicles are at work, traffic cones lines,and pedestrians weave their way through",英文,three_plus,D:\nuScenes\Trainval\nuScenes_Trainval06_blobs_camera\samples\CAM_BACK\n008-2018-09-18-13-41-50-0400__CAM_BACK__1537292701137558.jpg,64eef73c4f564a3db415e965f6460012,7,d8a5dd6087de4e808c61c27f91e8216e,scene-0590,"Rain, cluster of traffic cones, wait at intersection, bendy bus",rainy,day,boston-seaport,intersection,40,"traffic_cone:23,car:12,bus:3,construction_vehicle:2,truck:2,pedestrian:1,trailer:1,vehicle_emergency_police:1",D:\NUSCENES\Trainval\nuScenes_Trainval06_blobs_camera\samples\CAM_BACK\n008-2018-09-18-13-41-50-0400__CAM_BACK__1537292791387558.jpg,CAM_BACK,False,True,23,9,0.3197622299194336,ok,6,0.3197622299194336,ok,True,True,strict_kg_pool; pure_clip_rank=9; kg_clip_rank=6; appears_in_both_rankings; matches_structured_conditions,,
M020,"On a rainy daytime, construction vehicles are at work, traffic cones lines,and pedestrians weave their way through",英文,three_plus,D:\nuScenes\Trainval\nuScenes_Trainval06_blobs_camera\samples\CAM_BACK\n008-2018-09-18-13-41-50-0400__CAM_BACK__1537292701137558.jpg,64eef73c4f564a3db415e965f6460012,8,9068766ee9374872a380fe75fcfb299e,scene-0630,"Rain, construction, fence, special construction vehicle, nature, crane, wait at intersection, parking lot, cross intersection",rainy,day,boston-seaport,intersection,41,"traffic_cone:23,car:17,construction_vehicle:8,movable_object_pushable_pullable:1,pedestrian:1,truck:1",D:\NUSCENES\Trainval\nuScenes_Trainval06_blobs_camera\samples\CAM_BACK\n008-2018-09-18-14-35-12-0400__CAM_BACK__1537295946888208.jpg,CAM_BACK,False,True,23,10,0.3192170560359955,ok,7,0.3192170560359955,ok,True,True,strict_kg_pool; pure_clip_rank=10; kg_clip_rank=7; appears_in_both_rankings; matches_structured_conditions,,
M020,"On a rainy daytime, construction vehicles are at work, traffic cones lines,and pedestrians weave their way through",英文,three_plus,D:\nuScenes\Trainval\nuScenes_Trainval06_blobs_camera\samples\CAM_BACK\n008-2018-09-18-13-41-50-0400__CAM_BACK__1537292701137558.jpg,64eef73c4f564a3db415e965f6460012,9,6946bd49ebe648b7a8c4555774059bc8,scene-0576,"Rain, construction, ped on road, turn right",rainy,day,boston-seaport,urban,40,"car:30,barrier:15,traffic_cone:13,pedestrian:8,truck:4,construction_vehicle:1",D:\NUSCENES\Trainval\nuScenes_Trainval06_blobs_camera\samples\CAM_BACK\n008-2018-09-18-13-10-39-0400__CAM_BACK__1537290901387558.jpg,CAM_BACK,False,True,23,,,ok,8,0.31906238198280334,ok,False,True,strict_kg_pool; kg_clip_rank=8; matches_structured_conditions,,
M020,"On a rainy daytime, construction vehicles are at work, traffic cones lines,and pedestrians weave their way through",英文,three_plus,D:\nuScenes\Trainval\nuScenes_Trainval06_blobs_camera\samples\CAM_BACK\n008-2018-09-18-13-41-50-0400__CAM_BACK__1537292701137558.jpg,64eef73c4f564a3db415e965f6460012,10,3ada261efee347cba2e7557794f1aec8,scene-0626,"Rain, construction, bendy bus, roundabout",rainy,day,boston-seaport,urban,40,"barrier:60,car:30,traffic_cone:14,pedestrian:3,bus:2,construction_vehicle:1,movable_object_debris:1,truck:1",D:\NUSCENES\Trainval\nuScenes_Trainval06_blobs_camera\samples\CAM_BACK\n008-2018-09-18-14-35-12-0400__CAM_BACK__1537295833887558.jpg,CAM_BACK,False,True,23,,,ok,9,0.3176836669445038,ok,False,True,strict_kg_pool; kg_clip_rank=9; matches_structured_conditions,,
M020,"On a rainy daytime, construction vehicles are at work, traffic cones lines,and pedestrians weave their way through",英文,three_plus,D:\nuScenes\Trainval\nuScenes_Trainval06_blobs_camera\samples\CAM_BACK\n008-2018-09-18-13-41-50-0400__CAM_BACK__1537292701137558.jpg,64eef73c4f564a3db415e965f6460012,11,9c5dc664216e43a99d5da3f23d373e4d,scene-0592,"Rain, wait at intersection, turn left, huge truck, scooter",rainy,day,boston-seaport,intersection,41,"car:35,barrier:19,traffic_cone:15,pedestrian:8,truck:6,bicycle:2,bus:2,trailer:2,motorcycle:1",D:\NUSCENES\Trainval\nuScenes_Trainval06_blobs_camera\samples\CAM_BACK\n008-2018-09-18-13-41-50-0400__CAM_BACK__1537292871287558.jpg,CAM_BACK,False,False,23,1,0.33534005284309387,ok,,,ok,False,False,pure_clip_rank=1,,
M020,"On a rainy daytime, construction vehicles are at work, traffic cones lines,and pedestrians weave their way through",英文,three_plus,D:\nuScenes\Trainval\nuScenes_Trainval06_blobs_camera\samples\CAM_BACK\n008-2018-09-18-13-41-50-0400__CAM_BACK__1537292701137558.jpg,64eef73c4f564a3db415e965f6460012,12,c468cdcc838143d480b5b9c835c8380c,scene-0652,"Rain, wait at intersection, peds crossing, parked cars",rainy,day,boston-seaport,intersection,41,"car:23,traffic_cone:13,pedestrian:7",D:\NUSCENES\Trainval\nuScenes_Trainval06_blobs_camera\samples\CAM_BACK\n008-2018-09-18-14-43-59-0400__CAM_BACK__1537296685287558.jpg,CAM_BACK,False,False,23,3,0.3267628848552704,ok,,,ok,False,False,pure_clip_rank=3,,
M020,"On a rainy daytime, construction vehicles are at work, traffic cones lines,and pedestrians weave their way through",英文,three_plus,D:\nuScenes\Trainval\nuScenes_Trainval06_blobs_camera\samples\CAM_BACK\n008-2018-09-18-13-41-50-0400__CAM_BACK__1537292701137558.jpg,64eef73c4f564a3db415e965f6460012,13,b829278aae2747959f2a95423455bbcb,scene-0597,"Rain, parked cars, peds and children, parked truck",rainy,day,boston-seaport,urban,40,"car:75,pedestrian:11,truck:7,traffic_cone:5,bicycle:3,bus:3,movable_object_pushable_pullable:2,motorcycle:1,trailer:1",D:\NUSCENES\Trainval\nuScenes_Trainval06_blobs_camera\samples\CAM_BACK\n008-2018-09-18-13-41-50-0400__CAM_BACK__1537293216287558.jpg,CAM_BACK,False,False,23,6,0.32263389229774475,ok,,,ok,False,False,pure_clip_rank=6,,
